source,family,template_layout,record_id,seed,memory_condition,first_evidence_sufficient_time,deadline_time_s,reference_commitment_time_s,frozen_reserve_s,remaining_margin_s,TTCmt_at_first_sufficiency_s,actionable_at_first_sufficiency,actionable_window,endpoint_complete,missing_reason,stratum,same_source_identity_all_views,shared_trace_digest,source_file
ORIGINAL,REF,REF-ASYNC,RQ2TCG-FV3-REF-ASYNC-S01-3C1248228496A5D1,2673132990,B1,,1.0500000335276125,2.2500000335276127,1.2,,,,False,True,EVIDENCE_NEVER_SUFFICIENT,ASYNCHRONOUS_REVEAL,True,feab8e81de799163ccfe60d168e108824ebdf1de7f0e08d72212357fc0892237,reports/driveclarify_rq2_t_cg_formal_v3_prospective_evaluability_and_execution_v1/FORMAL_V3_EPISODE_LEVEL_PRIMARY_TABLE.json
ORIGINAL,REF,REF-ASYNC,RQ2TCG-FV3-REF-ASYNC-S01-3C1248228496A5D1,2673132990,B2,1.5500000230967999,1.0500000335276125,2.2500000335276127,1.2,-0.49999998956918734,0.7000000104308128,False,False,True,,ASYNCHRONOUS_REVEAL,True,feab8e81de799163ccfe60d168e108824ebdf1de7f0e08d72212357fc0892237,reports/driveclarify_rq2_t_cg_formal_v3_prospective_evaluability_and_execution_v1/FORMAL_V3_EPISODE_LEVEL_PRIMARY_TABLE.json
ORIGINAL,LMK,LMK-ASYNC,RQ2TCG-FV3-LMK-ASYNC-S01-3C1248228496A5D1,2673132990,B1,,1.0500000335276125,2.2500000335276127,1.2,,,,False,True,EVIDENCE_NEVER_SUFFICIENT,ASYNCHRONOUS_REVEAL,True,c2af8116eb67ebf1a3acd8cbe07802a01406e62bd7564842c9643b8e2ec0628d,reports/driveclarify_rq2_t_cg_formal_v3_prospective_evaluability_and_execution_v1/FORMAL_V3_EPISODE_LEVEL_PRIMARY_TABLE.json
ORIGINAL,LMK,LMK-ASYNC,RQ2TCG-FV3-LMK-ASYNC-S01-3C1248228496A5D1,2673132990,B2,0.7500000111758709,1.0500000335276125,2.2500000335276127,1.2,0.3000000223517416,1.5000000223517418,True,True,True,,ASYNCHRONOUS_REVEAL,True,c2af8116eb67ebf1a3acd8cbe07802a01406e62bd7564842c9643b8e2ec0628d,reports/driveclarify_rq2_t_cg_formal_v3_prospective_evaluability_and_execution_v1/FORMAL_V3_EPISODE_LEVEL_PRIMARY_TABLE.json
ORIGINAL,REF,USC-INTRINSIC,RQ2TCG-FV3-USC-INTRINSIC-S01-3C1248228496A5D1,2673132990,B1,,1.1500000350177286,2.350000035017729,1.2,,,,False,True,EVIDENCE_NEVER_SUFFICIENT,NEGATIVE_INTRINSIC_SEMANTIC_UNCERTAINTY,True,50756bda439e091b8045bb0c5419c94e2b136bc7ceb091174429c03bf0080a5c,reports/driveclarify_rq2_t_cg_formal_v3_prospective_evaluability_and_execution_v1/FORMAL_V3_EPISODE_LEVEL_PRIMARY_TABLE.json
ORIGINAL,REF,USC-INTRINSIC,RQ2TCG-FV3-USC-INTRINSIC-S01-3C1248228496A5D1,2673132990,B2,,1.1500000350177286,2.350000035017729,1.2,,,,False,True,EVIDENCE_NEVER_SUFFICIENT,NEGATIVE_INTRINSIC_SEMANTIC_UNCERTAINTY,True,50756bda439e091b8045bb0c5419c94e2b136bc7ceb091174429c03bf0080a5c,reports/driveclarify_rq2_t_cg_formal_v3_prospective_evaluability_and_execution_v1/FORMAL_V3_EPISODE_LEVEL_PRIMARY_TABLE.json
ORIGINAL,ORD,ORD-ASYNC,RQ2TCG-FV3-ORD-ASYNC-S01-3C1248228496A5D1,2673132990,B1,,97.60000147223472,98.80000147223473,1.2,,,,False,True,EVIDENCE_NEVER_SUFFICIENT,ASYNCHRONOUS_REVEAL,True,9c8403936abb7146b3cf511db70693e35b1cea5deb6ffcb7782d6a10e780913a,reports/driveclarify_rq2_t_cg_formal_v3_prospective_evaluability_and_execution_v1/FORMAL_V3_EPISODE_LEVEL_PRIMARY_TABLE.json
ORIGINAL,ORD,ORD-ASYNC,RQ2TCG-FV3-ORD-ASYNC-S01-3C1248228496A5D1,2673132990,B2,,97.60000147223472,98.80000147223473,1.2,,,,False,True,EVIDENCE_NEVER_SUFFICIENT,ASYNCHRONOUS_REVEAL,True,9c8403936abb7146b3cf511db70693e35b1cea5deb6ffcb7782d6a10e780913a,reports/driveclarify_rq2_t_cg_formal_v3_prospective_evaluability_and_execution_v1/FORMAL_V3_EPISODE_LEVEL_PRIMARY_TABLE.json
ORIGINAL,REF,NONREVEAL,RQ2TCG-FV3-NONREVEAL-S01-3C1248228496A5D1,2673132990,B1,,1.1500000350177286,2.350000035017729,1.2,,,,False,True,EVIDENCE_NEVER_SUFFICIENT,NEGATIVE_NONREVEAL,True,f881ed89ef959b801e6e22bbe6ba20d96758930d0d7ecc3b4c8e595897c4025a,reports/driveclarify_rq2_t_cg_formal_v3_prospective_evaluability_and_execution_v1/FORMAL_V3_EPISODE_LEVEL_PRIMARY_TABLE.json
ORIGINAL,REF,NONREVEAL,RQ2TCG-FV3-NONREVEAL-S01-3C1248228496A5D1,2673132990,B2,,1.1500000350177286,2.350000035017729,1.2,,,,False,True,EVIDENCE_NEVER_SUFFICIENT,NEGATIVE_NONREVEAL,True,f881ed89ef959b801e6e22bbe6ba20d96758930d0d7ecc3b4c8e595897c4025a,reports/driveclarify_rq2_t_cg_formal_v3_prospective_evaluability_and_execution_v1/FORMAL_V3_EPISODE_LEVEL_PRIMARY_TABLE.json
ORIGINAL,REF,REF-SYNC,RQ2TCG-FV3-REF-SYNC-S01-3C1248228496A5D1,2673132990,B1,1.4000000208616257,1.1000000342726706,2.3000000342726707,1.2,-0.2999999865889551,0.9000000134110451,False,False,True,,SYNCHRONOUS_COMMON_CURRENT_FRAME,True,a2b045e80021a4a41b97d703975ed134f6fcd34aeff710e2ddfe22cbb6adb7c0,reports/driveclarify_rq2_t_cg_formal_v3_prospective_evaluability_and_execution_v1/FORMAL_V3_EPISODE_LEVEL_PRIMARY_TABLE.json
ORIGINAL,REF,REF-SYNC,RQ2TCG-FV3-REF-SYNC-S01-3C1248228496A5D1,2673132990,B2,1.4000000208616257,1.1000000342726706,2.3000000342726707,1.2,-0.2999999865889551,0.9000000134110451,False,False,True,,SYNCHRONOUS_COMMON_CURRENT_FRAME,True,a2b045e80021a4a41b97d703975ed134f6fcd34aeff710e2ddfe22cbb6adb7c0,reports/driveclarify_rq2_t_cg_formal_v3_prospective_evaluability_and_execution_v1/FORMAL_V3_EPISODE_LEVEL_PRIMARY_TABLE.json
ORIGINAL,ORD,ORD-LATE-REVEAL,RQ2TCG-FV3-ORD-LATE-REVEAL-S01-3C1248228496A5D1,2673132990,B1,64.70000096410513,64.10000097304582,65.30000097304583,1.2,-0.5999999910593061,0.6000000089406967,False,False,True,,LATE_AFTER_DEADLINE_BEFORE_COMMITMENT,True,2cdb1fe94a819950ad0e4843e9e758b4288418c37cfbb9c746084e29e22e0827,reports/driveclarify_rq2_t_cg_formal_v3_prospective_evaluability_and_execution_v1/FORMAL_V3_EPISODE_LEVEL_PRIMARY_TABLE.json
ORIGINAL,ORD,ORD-LATE-REVEAL,RQ2TCG-FV3-ORD-LATE-REVEAL-S01-3C1248228496A5D1,2673132990,B2,64.70000096410513,64.10000097304582,65.30000097304583,1.2,-0.5999999910593061,0.6000000089406967,False,False,True,,LATE_AFTER_DEADLINE_BEFORE_COMMITMENT,True,2cdb1fe94a819950ad0e4843e9e758b4288418c37cfbb9c746084e29e22e0827,reports/driveclarify_rq2_t_cg_formal_v3_prospective_evaluability_and_execution_v1/FORMAL_V3_EPISODE_LEVEL_PRIMARY_TABLE.json
ORIGINAL,LMK,LMK-SYNC,RQ2TCG-FV3-LMK-SYNC-S01-3C1248228496A5D1,2673132990,B1,0.10000000149011612,41.50000063627958,42.70000063627958,1.2,41.400000634789464,42.60000063478947,True,True,True,,SYNCHRONOUS_COMMON_CURRENT_FRAME,True,d7f36121b3a221caa79e8d45184815ded0adcd5ea7987e3dfeb7c0e51ab44248,reports/driveclarify_rq2_t_cg_formal_v3_prospective_evaluability_and_execution_v1/FORMAL_V3_EPISODE_LEVEL_PRIMARY_TABLE.json
ORIGINAL,LMK,LMK-SYNC,RQ2TCG-FV3-LMK-SYNC-S01-3C1248228496A5D1,2673132990,B2,0.10000000149011612,41.50000063627958,42.70000063627958,1.2,41.400000634789464,42.60000063478947,True,True,True,,SYNCHRONOUS_COMMON_CURRENT_FRAME,True,d7f36121b3a221caa79e8d45184815ded0adcd5ea7987e3dfeb7c0e51ab44248,reports/driveclarify_rq2_t_cg_formal_v3_prospective_evaluability_and_execution_v1/FORMAL_V3_EPISODE_LEVEL_PRIMARY_TABLE.json
ORIGINAL,LMK,LMK-ASYNC,RQ2TCG-FV3-LMK-ASYNC-S02-3C1248228496A5D1,3943202574,B1,,1.500000040233135,2.7000000402331352,1.2,,,,False,True,EVIDENCE_NEVER_SUFFICIENT,ASYNCHRONOUS_REVEAL,True,23f896858d72fa33486e88e0f9c97804915da906726d5b6817ca0f751c74a00c,reports/driveclarify_rq2_t_cg_formal_v3_prospective_evaluability_and_execution_v1/FORMAL_V3_EPISODE_LEVEL_PRIMARY_TABLE.json
ORIGINAL,LMK,LMK-ASYNC,RQ2TCG-FV3-LMK-ASYNC-S02-3C1248228496A5D1,3943202574,B2,1.2500000186264515,1.500000040233135,2.7000000402331352,1.2,0.25000002160668355,1.4500000216066837,True,True,True,,ASYNCHRONOUS_REVEAL,True,23f896858d72fa33486e88e0f9c97804915da906726d5b6817ca0f751c74a00c,reports/driveclarify_rq2_t_cg_formal_v3_prospective_evaluability_and_execution_v1/FORMAL_V3_EPISODE_LEVEL_PRIMARY_TABLE.json
ORIGINAL,REF,USC-INTRINSIC,RQ2TCG-FV3-USC-INTRINSIC-S02-3C1248228496A5D1,3943202574,B1,,1.2000000357627867,2.400000035762787,1.2,,,,False,True,EVIDENCE_NEVER_SUFFICIENT,NEGATIVE_INTRINSIC_SEMANTIC_UNCERTAINTY,True,9e6aa976b187361bfcab3997bcdae16179010ef0b465ae462c3bf7bb7ad745db,reports/driveclarify_rq2_t_cg_formal_v3_prospective_evaluability_and_execution_v1/FORMAL_V3_EPISODE_LEVEL_PRIMARY_TABLE.json
ORIGINAL,REF,USC-INTRINSIC,RQ2TCG-FV3-USC-INTRINSIC-S02-3C1248228496A5D1,3943202574,B2,,1.2000000357627867,2.400000035762787,1.2,,,,False,True,EVIDENCE_NEVER_SUFFICIENT,NEGATIVE_INTRINSIC_SEMANTIC_UNCERTAINTY,True,9e6aa976b187361bfcab3997bcdae16179010ef0b465ae462c3bf7bb7ad745db,reports/driveclarify_rq2_t_cg_formal_v3_prospective_evaluability_and_execution_v1/FORMAL_V3_EPISODE_LEVEL_PRIMARY_TABLE.json
ORIGINAL,ORD,ORD-ASYNC,RQ2TCG-FV3-ORD-ASYNC-S02-3C1248228496A5D1,3943202574,B1,,61.65000093653798,62.85000093653798,1.2,,,,False,True,EVIDENCE_NEVER_SUFFICIENT,ASYNCHRONOUS_REVEAL,True,778de229a1d5e676ad130ddcdf21a202600b1294a00afc5813cd38be038e321f,reports/driveclarify_rq2_t_cg_formal_v3_prospective_evaluability_and_execution_v1/FORMAL_V3_EPISODE_LEVEL_PRIMARY_TABLE.json
ORIGINAL,ORD,ORD-ASYNC,RQ2TCG-FV3-ORD-ASYNC-S02-3C1248228496A5D1,3943202574,B2,,61.65000093653798,62.85000093653798,1.2,,,,False,True,EVIDENCE_NEVER_SUFFICIENT,ASYNCHRONOUS_REVEAL,True,778de229a1d5e676ad130ddcdf21a202600b1294a00afc5813cd38be038e321f,reports/driveclarify_rq2_t_cg_formal_v3_prospective_evaluability_and_execution_v1/FORMAL_V3_EPISODE_LEVEL_PRIMARY_TABLE.json
ORIGINAL,REF,NONREVEAL,RQ2TCG-FV3-NONREVEAL-S02-3C1248228496A5D1,3943202574,B1,,1.1500000350177286,2.350000035017729,1.2,,,,False,True,EVIDENCE_NEVER_SUFFICIENT,NEGATIVE_NONREVEAL,True,88847dbc5384bc2b69343cecdabbae137396420767750a8878d8cb31b260b8d2,reports/driveclarify_rq2_t_cg_formal_v3_prospective_evaluability_and_execution_v1/FORMAL_V3_EPISODE_LEVEL_PRIMARY_TABLE.json
ORIGINAL,REF,NONREVEAL,RQ2TCG-FV3-NONREVEAL-S02-3C1248228496A5D1,3943202574,B2,,1.1500000350177286,2.350000035017729,1.2,,,,False,True,EVIDENCE_NEVER_SUFFICIENT,NEGATIVE_NONREVEAL,True,88847dbc5384bc2b69343cecdabbae137396420767750a8878d8cb31b260b8d2,reports/driveclarify_rq2_t_cg_formal_v3_prospective_evaluability_and_execution_v1/FORMAL_V3_EPISODE_LEVEL_PRIMARY_TABLE.json
ORIGINAL,REF,REF-SYNC,RQ2TCG-FV3-REF-SYNC-S02-3C1248228496A5D1,3943202574,B1,1.4000000208616257,1.1000000342726706,2.3000000342726707,1.2,-0.2999999865889551,0.9000000134110451,False,False,True,,SYNCHRONOUS_COMMON_CURRENT_FRAME,True,adba64437c177c2bafb9616be68e6a3951b34978b390d00c9cbc300cd99e300b,reports/driveclarify_rq2_t_cg_formal_v3_prospective_evaluability_and_execution_v1/FORMAL_V3_EPISODE_LEVEL_PRIMARY_TABLE.json
ORIGINAL,REF,REF-SYNC,RQ2TCG-FV3-REF-SYNC-S02-3C1248228496A5D1,3943202574,B2,1.4000000208616257,1.1000000342726706,2.3000000342726707,1.2,-0.2999999865889551,0.9000000134110451,False,False,True,,SYNCHRONOUS_COMMON_CURRENT_FRAME,True,adba64437c177c2bafb9616be68e6a3951b34978b390d00c9cbc300cd99e300b,reports/driveclarify_rq2_t_cg_formal_v3_prospective_evaluability_and_execution_v1/FORMAL_V3_EPISODE_LEVEL_PRIMARY_TABLE.json
ORIGINAL,ORD,ORD-LATE-REVEAL,RQ2TCG-FV3-ORD-LATE-REVEAL-S02-3C1248228496A5D1,3943202574,B1,98.90000147372484,98.20000148117542,99.40000148117542,1.2,-0.6999999925494222,0.5000000074505806,False,False,True,,LATE_AFTER_DEADLINE_BEFORE_COMMITMENT,True,965a7f4d771dcd90fe2072a2b4e21bfa88506adf3e1bc26537570b1cc73b79d0,reports/driveclarify_rq2_t_cg_formal_v3_prospective_evaluability_and_execution_v1/FORMAL_V3_EPISODE_LEVEL_PRIMARY_TABLE.json
ORIGINAL,ORD,ORD-LATE-REVEAL,RQ2TCG-FV3-ORD-LATE-REVEAL-S02-3C1248228496A5D1,3943202574,B2,98.90000147372484,98.20000148117542,99.40000148117542,1.2,-0.6999999925494222,0.5000000074505806,False,False,True,,LATE_AFTER_DEADLINE_BEFORE_COMMITMENT,True,965a7f4d771dcd90fe2072a2b4e21bfa88506adf3e1bc26537570b1cc73b79d0,reports/driveclarify_rq2_t_cg_formal_v3_prospective_evaluability_and_execution_v1/FORMAL_V3_EPISODE_LEVEL_PRIMARY_TABLE.json
ORIGINAL,LMK,LMK-SYNC,RQ2TCG-FV3-LMK-SYNC-S02-3C1248228496A5D1,3943202574,B1,0.10000000149011612,41.50000063627958,42.70000063627958,1.2,41.400000634789464,42.60000063478947,True,True,True,,SYNCHRONOUS_COMMON_CURRENT_FRAME,True,9f02a4ec382a12d2420b7ea9115f109af0ffe6ef633b8f2542b8d1374188edda,reports/driveclarify_rq2_t_cg_formal_v3_prospective_evaluability_and_execution_v1/FORMAL_V3_EPISODE_LEVEL_PRIMARY_TABLE.json
ORIGINAL,LMK,LMK-SYNC,RQ2TCG-FV3-LMK-SYNC-S02-3C1248228496A5D1,3943202574,B2,0.10000000149011612,41.50000063627958,42.70000063627958,1.2,41.400000634789464,42.60000063478947,True,True,True,,SYNCHRONOUS_COMMON_CURRENT_FRAME,True,9f02a4ec382a12d2420b7ea9115f109af0ffe6ef633b8f2542b8d1374188edda,reports/driveclarify_rq2_t_cg_formal_v3_prospective_evaluability_and_execution_v1/FORMAL_V3_EPISODE_LEVEL_PRIMARY_TABLE.json
ORIGINAL,REF,REF-ASYNC,RQ2TCG-FV3-REF-ASYNC-S02-3C1248228496A5D1,3943202574,B1,,1.500000040233135,2.7000000402331352,1.2,,,,False,True,EVIDENCE_NEVER_SUFFICIENT,ASYNCHRONOUS_REVEAL,True,1f7b6b6cfe53874b0e0571deb8768973a1b9b75d78a8bd3ae9675185ea284d73,reports/driveclarify_rq2_t_cg_formal_v3_prospective_evaluability_and_execution_v1/FORMAL_V3_EPISODE_LEVEL_PRIMARY_TABLE.json
ORIGINAL,REF,REF-ASYNC,RQ2TCG-FV3-REF-ASYNC-S02-3C1248228496A5D1,3943202574,B2,2.0000000298023224,1.500000040233135,2.7000000402331352,1.2,-0.49999998956918734,0.7000000104308128,False,False,True,,ASYNCHRONOUS_REVEAL,True,1f7b6b6cfe53874b0e0571deb8768973a1b9b75d78a8bd3ae9675185ea284d73,reports/driveclarify_rq2_t_cg_formal_v3_prospective_evaluability_and_execution_v1/FORMAL_V3_EPISODE_LEVEL_PRIMARY_TABLE.json
ORIGINAL,REF,USC-INTRINSIC,RQ2TCG-FV3-USC-INTRINSIC-S03-3C1248228496A5D1,1334264660,B1,,1.2000000357627867,2.400000035762787,1.2,,,,False,True,EVIDENCE_NEVER_SUFFICIENT,NEGATIVE_INTRINSIC_SEMANTIC_UNCERTAINTY,True,ca797d4d934fd9e369fabf2933e2c07b10467352fd35ef2d3b6daf2769a5ef84,reports/driveclarify_rq2_t_cg_formal_v3_prospective_evaluability_and_execution_v1/FORMAL_V3_EPISODE_LEVEL_PRIMARY_TABLE.json
ORIGINAL,REF,USC-INTRINSIC,RQ2TCG-FV3-USC-INTRINSIC-S03-3C1248228496A5D1,1334264660,B2,,1.2000000357627867,2.400000035762787,1.2,,,,False,True,EVIDENCE_NEVER_SUFFICIENT,NEGATIVE_INTRINSIC_SEMANTIC_UNCERTAINTY,True,ca797d4d934fd9e369fabf2933e2c07b10467352fd35ef2d3b6daf2769a5ef84,reports/driveclarify_rq2_t_cg_formal_v3_prospective_evaluability_and_execution_v1/FORMAL_V3_EPISODE_LEVEL_PRIMARY_TABLE.json
ORIGINAL,ORD,ORD-ASYNC,RQ2TCG-FV3-ORD-ASYNC-S03-3C1248228496A5D1,1334264660,B1,,56.600000861287114,57.80000086128712,1.2,,,,False,True,EVIDENCE_NEVER_SUFFICIENT,ASYNCHRONOUS_REVEAL,True,25fe7a6be5ac48416ad1cc3cf641ff89767ec094f593d418928a853476ac8abe,reports/driveclarify_rq2_t_cg_formal_v3_prospective_evaluability_and_execution_v1/FORMAL_V3_EPISODE_LEVEL_PRIMARY_TABLE.json
ORIGINAL,ORD,ORD-ASYNC,RQ2TCG-FV3-ORD-ASYNC-S03-3C1248228496A5D1,1334264660,B2,,56.600000861287114,57.80000086128712,1.2,,,,False,True,EVIDENCE_NEVER_SUFFICIENT,ASYNCHRONOUS_REVEAL,True,25fe7a6be5ac48416ad1cc3cf641ff89767ec094f593d418928a853476ac8abe,reports/driveclarify_rq2_t_cg_formal_v3_prospective_evaluability_and_execution_v1/FORMAL_V3_EPISODE_LEVEL_PRIMARY_TABLE.json
ORIGINAL,REF,NONREVEAL,RQ2TCG-FV3-NONREVEAL-S03-3C1248228496A5D1,1334264660,B1,,1.1500000350177286,2.350000035017729,1.2,,,,False,True,EVIDENCE_NEVER_SUFFICIENT,NEGATIVE_NONREVEAL,True,86972ed810737d0b463e339da7ca2b0bd7dd91be66b09446fa441a905f92cbd7,reports/driveclarify_rq2_t_cg_formal_v3_prospective_evaluability_and_execution_v1/FORMAL_V3_EPISODE_LEVEL_PRIMARY_TABLE.json
ORIGINAL,REF,NONREVEAL,RQ2TCG-FV3-NONREVEAL-S03-3C1248228496A5D1,1334264660,B2,,1.1500000350177286,2.350000035017729,1.2,,,,False,True,EVIDENCE_NEVER_SUFFICIENT,NEGATIVE_NONREVEAL,True,86972ed810737d0b463e339da7ca2b0bd7dd91be66b09446fa441a905f92cbd7,reports/driveclarify_rq2_t_cg_formal_v3_prospective_evaluability_and_execution_v1/FORMAL_V3_EPISODE_LEVEL_PRIMARY_TABLE.json
ORIGINAL,REF,REF-SYNC,RQ2TCG-FV3-REF-SYNC-S03-3C1248228496A5D1,1334264660,B1,1.4000000208616257,1.1000000342726706,2.3000000342726707,1.2,-0.2999999865889551,0.9000000134110451,False,False,True,,SYNCHRONOUS_COMMON_CURRENT_FRAME,True,26994893c4e9f7522812c5bb43de6c9320c1dbdd843d0091d4e2412f4c23b128,reports/driveclarify_rq2_t_cg_formal_v3_prospective_evaluability_and_execution_v1/FORMAL_V3_EPISODE_LEVEL_PRIMARY_TABLE.json
ORIGINAL,REF,REF-SYNC,RQ2TCG-FV3-REF-SYNC-S03-3C1248228496A5D1,1334264660,B2,1.4000000208616257,1.1000000342726706,2.3000000342726707,1.2,-0.2999999865889551,0.9000000134110451,False,False,True,,SYNCHRONOUS_COMMON_CURRENT_FRAME,True,26994893c4e9f7522812c5bb43de6c9320c1dbdd843d0091d4e2412f4c23b128,reports/driveclarify_rq2_t_cg_formal_v3_prospective_evaluability_and_execution_v1/FORMAL_V3_EPISODE_LEVEL_PRIMARY_TABLE.json
ORIGINAL,ORD,ORD-LATE-REVEAL,RQ2TCG-FV3-ORD-LATE-REVEAL-S03-3C1248228496A5D1,1334264660,B1,59.2500008828938,58.75000089332461,59.950000893324614,1.2,-0.49999998956919,0.7000000104308128,False,False,True,,LATE_AFTER_DEADLINE_BEFORE_COMMITMENT,True,2f5fdd8eca9f5c369b3babc983f659f52dc87126933428e599dca4c694d5fc9c,reports/driveclarify_rq2_t_cg_formal_v3_prospective_evaluability_and_execution_v1/FORMAL_V3_EPISODE_LEVEL_PRIMARY_TABLE.json
ORIGINAL,ORD,ORD-LATE-REVEAL,RQ2TCG-FV3-ORD-LATE-REVEAL-S03-3C1248228496A5D1,1334264660,B2,59.2500008828938,58.75000089332461,59.950000893324614,1.2,-0.49999998956919,0.7000000104308128,False,False,True,,LATE_AFTER_DEADLINE_BEFORE_COMMITMENT,True,2f5fdd8eca9f5c369b3babc983f659f52dc87126933428e599dca4c694d5fc9c,reports/driveclarify_rq2_t_cg_formal_v3_prospective_evaluability_and_execution_v1/FORMAL_V3_EPISODE_LEVEL_PRIMARY_TABLE.json
ORIGINAL,LMK,LMK-SYNC,RQ2TCG-FV3-LMK-SYNC-S03-3C1248228496A5D1,1334264660,B1,0.10000000149011612,41.50000063627958,42.70000063627958,1.2,41.400000634789464,42.60000063478947,True,True,True,,SYNCHRONOUS_COMMON_CURRENT_FRAME,True,c49d9e15174302d8c62f39e7b1266ad0af84c428dd7b54ac5b241f204a34e4b9,reports/driveclarify_rq2_t_cg_formal_v3_prospective_evaluability_and_execution_v1/FORMAL_V3_EPISODE_LEVEL_PRIMARY_TABLE.json
ORIGINAL,LMK,LMK-SYNC,RQ2TCG-FV3-LMK-SYNC-S03-3C1248228496A5D1,1334264660,B2,0.10000000149011612,41.50000063627958,42.70000063627958,1.2,41.400000634789464,42.60000063478947,True,True,True,,SYNCHRONOUS_COMMON_CURRENT_FRAME,True,c49d9e15174302d8c62f39e7b1266ad0af84c428dd7b54ac5b241f204a34e4b9,reports/driveclarify_rq2_t_cg_formal_v3_prospective_evaluability_and_execution_v1/FORMAL_V3_EPISODE_LEVEL_PRIMARY_TABLE.json
ORIGINAL,REF,REF-ASYNC,RQ2TCG-FV3-REF-ASYNC-S03-3C1248228496A5D1,1334264660,B1,,1.500000040233135,2.7000000402331352,1.2,,,,False,True,EVIDENCE_NEVER_SUFFICIENT,ASYNCHRONOUS_REVEAL,True,8b31669048d9e23de1cb2f29bcd5548f250e167c5d51c1bedb5bdc1c05d9f4ef,reports/driveclarify_rq2_t_cg_formal_v3_prospective_evaluability_and_execution_v1/FORMAL_V3_EPISODE_LEVEL_PRIMARY_TABLE.json
ORIGINAL,REF,REF-ASYNC,RQ2TCG-FV3-REF-ASYNC-S03-3C1248228496A5D1,1334264660,B2,2.0000000298023224,1.500000040233135,2.7000000402331352,1.2,-0.49999998956918734,0.7000000104308128,False,False,True,,ASYNCHRONOUS_REVEAL,True,8b31669048d9e23de1cb2f29bcd5548f250e167c5d51c1bedb5bdc1c05d9f4ef,reports/driveclarify_rq2_t_cg_formal_v3_prospective_evaluability_and_execution_v1/FORMAL_V3_EPISODE_LEVEL_PRIMARY_TABLE.json
ORIGINAL,LMK,LMK-ASYNC,RQ2TCG-FV3-LMK-ASYNC-S03-3C1248228496A5D1,1334264660,B1,,1.9000000461935995,3.1000000461935997,1.2,,,,False,True,EVIDENCE_NEVER_SUFFICIENT,ASYNCHRONOUS_REVEAL,True,88e8fddd9c875271a28a8e92230277122db79529085c4e38fa7bcfa814f03de9,reports/driveclarify_rq2_t_cg_formal_v3_prospective_evaluability_and_execution_v1/FORMAL_V3_EPISODE_LEVEL_PRIMARY_TABLE.json
ORIGINAL,LMK,LMK-ASYNC,RQ2TCG-FV3-LMK-ASYNC-S03-3C1248228496A5D1,1334264660,B2,1.650000024586916,1.9000000461935995,3.1000000461935997,1.2,0.25000002160668355,1.4500000216066837,True,True,True,,ASYNCHRONOUS_REVEAL,True,88e8fddd9c875271a28a8e92230277122db79529085c4e38fa7bcfa814f03de9,reports/driveclarify_rq2_t_cg_formal_v3_prospective_evaluability_and_execution_v1/FORMAL_V3_EPISODE_LEVEL_PRIMARY_TABLE.json
ORIGINAL,ORD,ORD-ASYNC,RQ2TCG-FV3-ORD-ASYNC-S04-3C1248228496A5D1,4031630664,B1,,54.30000082701444,55.500000827014446,1.2,,,,False,True,EVIDENCE_NEVER_SUFFICIENT,ASYNCHRONOUS_REVEAL,True,6921dbc29da7011f321512e4856cfb93440150e973a221b986f812a06c52e589,reports/driveclarify_rq2_t_cg_formal_v3_prospective_evaluability_and_execution_v1/FORMAL_V3_EPISODE_LEVEL_PRIMARY_TABLE.json
ORIGINAL,ORD,ORD-ASYNC,RQ2TCG-FV3-ORD-ASYNC-S04-3C1248228496A5D1,4031630664,B2,,54.30000082701444,55.500000827014446,1.2,,,,False,True,EVIDENCE_NEVER_SUFFICIENT,ASYNCHRONOUS_REVEAL,True,6921dbc29da7011f321512e4856cfb93440150e973a221b986f812a06c52e589,reports/driveclarify_rq2_t_cg_formal_v3_prospective_evaluability_and_execution_v1/FORMAL_V3_EPISODE_LEVEL_PRIMARY_TABLE.json
ORIGINAL,REF,NONREVEAL,RQ2TCG-FV3-NONREVEAL-S04-3C1248228496A5D1,4031630664,B1,,1.1500000350177286,2.350000035017729,1.2,,,,False,True,EVIDENCE_NEVER_SUFFICIENT,NEGATIVE_NONREVEAL,True,40b464e7fb7ff85e094ccc316f8d4a083afc65f5dcdc4238b7ee74ef6134c7aa,reports/driveclarify_rq2_t_cg_formal_v3_prospective_evaluability_and_execution_v1/FORMAL_V3_EPISODE_LEVEL_PRIMARY_TABLE.json
ORIGINAL,REF,NONREVEAL,RQ2TCG-FV3-NONREVEAL-S04-3C1248228496A5D1,4031630664,B2,,1.1500000350177286,2.350000035017729,1.2,,,,False,True,EVIDENCE_NEVER_SUFFICIENT,NEGATIVE_NONREVEAL,True,40b464e7fb7ff85e094ccc316f8d4a083afc65f5dcdc4238b7ee74ef6134c7aa,reports/driveclarify_rq2_t_cg_formal_v3_prospective_evaluability_and_execution_v1/FORMAL_V3_EPISODE_LEVEL_PRIMARY_TABLE.json
ORIGINAL,REF,REF-SYNC,RQ2TCG-FV3-REF-SYNC-S04-3C1248228496A5D1,4031630664,B1,1.4000000208616257,1.1000000342726706,2.3000000342726707,1.2,-0.2999999865889551,0.9000000134110451,False,False,True,,SYNCHRONOUS_COMMON_CURRENT_FRAME,True,bca3e744e931fdd54ad69dd4beae61478ef15735c811c536c693c753f510dbed,reports/driveclarify_rq2_t_cg_formal_v3_prospective_evaluability_and_execution_v1/FORMAL_V3_EPISODE_LEVEL_PRIMARY_TABLE.json
ORIGINAL,REF,REF-SYNC,RQ2TCG-FV3-REF-SYNC-S04-3C1248228496A5D1,4031630664,B2,1.4000000208616257,1.1000000342726706,2.3000000342726707,1.2,-0.2999999865889551,0.9000000134110451,False,False,True,,SYNCHRONOUS_COMMON_CURRENT_FRAME,True,bca3e744e931fdd54ad69dd4beae61478ef15735c811c536c693c753f510dbed,reports/driveclarify_rq2_t_cg_formal_v3_prospective_evaluability_and_execution_v1/FORMAL_V3_EPISODE_LEVEL_PRIMARY_TABLE.json
ORIGINAL,LMK,LMK-SYNC,RQ2TCG-FV3-LMK-SYNC-S04-3C1248228496A5D1,4031630664,B1,0.10000000149011612,41.50000063627958,42.70000063627958,1.2,41.400000634789464,42.60000063478947,True,True,True,,SYNCHRONOUS_COMMON_CURRENT_FRAME,True,65a68eae1118c6f204b52b0a1c2f2488105607f591c3d83f69e84501f2b5d600,reports/driveclarify_rq2_t_cg_formal_v3_prospective_evaluability_and_execution_v1/FORMAL_V3_EPISODE_LEVEL_PRIMARY_TABLE.json
ORIGINAL,LMK,LMK-SYNC,RQ2TCG-FV3-LMK-SYNC-S04-3C1248228496A5D1,4031630664,B2,0.10000000149011612,41.50000063627958,42.70000063627958,1.2,41.400000634789464,42.60000063478947,True,True,True,,SYNCHRONOUS_COMMON_CURRENT_FRAME,True,65a68eae1118c6f204b52b0a1c2f2488105607f591c3d83f69e84501f2b5d600,reports/driveclarify_rq2_t_cg_formal_v3_prospective_evaluability_and_execution_v1/FORMAL_V3_EPISODE_LEVEL_PRIMARY_TABLE.json
ORIGINAL,REF,REF-ASYNC,RQ2TCG-FV3-REF-ASYNC-S04-3C1248228496A5D1,4031630664,B1,,1.1500000350177286,2.350000035017729,1.2,,,,False,True,EVIDENCE_NEVER_SUFFICIENT,ASYNCHRONOUS_REVEAL,True,7d1c5cd287670af2d7f05519aab889c461644386e553135dcd581b0f23f5ad52,reports/driveclarify_rq2_t_cg_formal_v3_prospective_evaluability_and_execution_v1/FORMAL_V3_EPISODE_LEVEL_PRIMARY_TABLE.json
ORIGINAL,REF,REF-ASYNC,RQ2TCG-FV3-REF-ASYNC-S04-3C1248228496A5D1,4031630664,B2,1.700000025331974,1.1500000350177286,2.350000035017729,1.2,-0.5499999903142454,0.6500000096857548,False,False,True,,ASYNCHRONOUS_REVEAL,True,7d1c5cd287670af2d7f05519aab889c461644386e553135dcd581b0f23f5ad52,reports/driveclarify_rq2_t_cg_formal_v3_prospective_evaluability_and_execution_v1/FORMAL_V3_EPISODE_LEVEL_PRIMARY_TABLE.json
ORIGINAL,LMK,LMK-ASYNC,RQ2TCG-FV3-LMK-ASYNC-S04-3C1248228496A5D1,4031630664,B1,,0.9000000312924383,2.1000000312924385,1.2,,,,False,True,EVIDENCE_NEVER_SUFFICIENT,ASYNCHRONOUS_REVEAL,True,1bdd92bc30b383f8a8b7035ed38717c39f108a262bb19cecc89b0200de541e55,reports/driveclarify_rq2_t_cg_formal_v3_prospective_evaluability_and_execution_v1/FORMAL_V3_EPISODE_LEVEL_PRIMARY_TABLE.json
ORIGINAL,LMK,LMK-ASYNC,RQ2TCG-FV3-LMK-ASYNC-S04-3C1248228496A5D1,4031630664,B2,0.6500000096857548,0.9000000312924383,2.1000000312924385,1.2,0.25000002160668355,1.4500000216066837,True,True,True,,ASYNCHRONOUS_REVEAL,True,1bdd92bc30b383f8a8b7035ed38717c39f108a262bb19cecc89b0200de541e55,reports/driveclarify_rq2_t_cg_formal_v3_prospective_evaluability_and_execution_v1/FORMAL_V3_EPISODE_LEVEL_PRIMARY_TABLE.json
ORIGINAL,REF,USC-INTRINSIC,RQ2TCG-FV3-USC-INTRINSIC-S04-3C1248228496A5D1,4031630664,B1,,1.2000000357627867,2.400000035762787,1.2,,,,False,True,EVIDENCE_NEVER_SUFFICIENT,NEGATIVE_INTRINSIC_SEMANTIC_UNCERTAINTY,True,44b82732dfb2bd33cdc825fa2d7a50cfa53973ef2a26ae3a77cae50ce26ff582,reports/driveclarify_rq2_t_cg_formal_v3_prospective_evaluability_and_execution_v1/FORMAL_V3_EPISODE_LEVEL_PRIMARY_TABLE.json
ORIGINAL,REF,USC-INTRINSIC,RQ2TCG-FV3-USC-INTRINSIC-S04-3C1248228496A5D1,4031630664,B2,,1.2000000357627867,2.400000035762787,1.2,,,,False,True,EVIDENCE_NEVER_SUFFICIENT,NEGATIVE_INTRINSIC_SEMANTIC_UNCERTAINTY,True,44b82732dfb2bd33cdc825fa2d7a50cfa53973ef2a26ae3a77cae50ce26ff582,reports/driveclarify_rq2_t_cg_formal_v3_prospective_evaluability_and_execution_v1/FORMAL_V3_EPISODE_LEVEL_PRIMARY_TABLE.json
ORIGINAL,REF,NONREVEAL,RQ2TCG-FV3-NONREVEAL-S05-3C1248228496A5D1,3995035356,B1,,1.1500000350177286,2.350000035017729,1.2,,,,False,True,EVIDENCE_NEVER_SUFFICIENT,NEGATIVE_NONREVEAL,True,5f377aa9a95cbdd5fc1e49e4f7333ebe112680a81a964cf02f51247341c658c1,reports/driveclarify_rq2_t_cg_formal_v3_prospective_evaluability_and_execution_v1/FORMAL_V3_EPISODE_LEVEL_PRIMARY_TABLE.json
ORIGINAL,REF,NONREVEAL,RQ2TCG-FV3-NONREVEAL-S05-3C1248228496A5D1,3995035356,B2,,1.1500000350177286,2.350000035017729,1.2,,,,False,True,EVIDENCE_NEVER_SUFFICIENT,NEGATIVE_NONREVEAL,True,5f377aa9a95cbdd5fc1e49e4f7333ebe112680a81a964cf02f51247341c658c1,reports/driveclarify_rq2_t_cg_formal_v3_prospective_evaluability_and_execution_v1/FORMAL_V3_EPISODE_LEVEL_PRIMARY_TABLE.json
ORIGINAL,REF,REF-SYNC,RQ2TCG-FV3-REF-SYNC-S05-3C1248228496A5D1,3995035356,B1,1.4000000208616257,1.1000000342726706,2.3000000342726707,1.2,-0.2999999865889551,0.9000000134110451,False,False,True,,SYNCHRONOUS_COMMON_CURRENT_FRAME,True,5fad22cb702ef5d046f9211e69cb02d3160d1b3ff808d16a0ae5158cd1c99792,reports/driveclarify_rq2_t_cg_formal_v3_prospective_evaluability_and_execution_v1/FORMAL_V3_EPISODE_LEVEL_PRIMARY_TABLE.json
ORIGINAL,REF,REF-SYNC,RQ2TCG-FV3-REF-SYNC-S05-3C1248228496A5D1,3995035356,B2,1.4000000208616257,1.1000000342726706,2.3000000342726707,1.2,-0.2999999865889551,0.9000000134110451,False,False,True,,SYNCHRONOUS_COMMON_CURRENT_FRAME,True,5fad22cb702ef5d046f9211e69cb02d3160d1b3ff808d16a0ae5158cd1c99792,reports/driveclarify_rq2_t_cg_formal_v3_prospective_evaluability_and_execution_v1/FORMAL_V3_EPISODE_LEVEL_PRIMARY_TABLE.json
ORIGINAL,ORD,ORD-LATE-REVEAL,RQ2TCG-FV3-ORD-LATE-REVEAL-S05-3C1248228496A5D1,3995035356,B1,62.200000926852226,61.750000938028094,62.9500009380281,1.2,-0.44999998882413195,0.7500000111758709,False,False,True,,LATE_AFTER_DEADLINE_BEFORE_COMMITMENT,True,28cf71a9329afea06c0f4bd2f495f14ba6019e72f9c7555e1f8f60f63838f9f1,reports/driveclarify_rq2_t_cg_formal_v3_prospective_evaluability_and_execution_v1/FORMAL_V3_EPISODE_LEVEL_PRIMARY_TABLE.json
ORIGINAL,ORD,ORD-LATE-REVEAL,RQ2TCG-FV3-ORD-LATE-REVEAL-S05-3C1248228496A5D1,3995035356,B2,62.200000926852226,61.750000938028094,62.9500009380281,1.2,-0.44999998882413195,0.7500000111758709,False,False,True,,LATE_AFTER_DEADLINE_BEFORE_COMMITMENT,True,28cf71a9329afea06c0f4bd2f495f14ba6019e72f9c7555e1f8f60f63838f9f1,reports/driveclarify_rq2_t_cg_formal_v3_prospective_evaluability_and_execution_v1/FORMAL_V3_EPISODE_LEVEL_PRIMARY_TABLE.json
ORIGINAL,LMK,LMK-SYNC,RQ2TCG-FV3-LMK-SYNC-S05-3C1248228496A5D1,3995035356,B1,0.10000000149011612,41.50000063627958,42.70000063627958,1.2,41.400000634789464,42.60000063478947,True,True,True,,SYNCHRONOUS_COMMON_CURRENT_FRAME,True,b993cbc2c528500ed71b32f7ac40b9befbf0c425909c2d82833a43b87c7196dc,reports/driveclarify_rq2_t_cg_formal_v3_prospective_evaluability_and_execution_v1/FORMAL_V3_EPISODE_LEVEL_PRIMARY_TABLE.json
ORIGINAL,LMK,LMK-SYNC,RQ2TCG-FV3-LMK-SYNC-S05-3C1248228496A5D1,3995035356,B2,0.10000000149011612,41.50000063627958,42.70000063627958,1.2,41.400000634789464,42.60000063478947,True,True,True,,SYNCHRONOUS_COMMON_CURRENT_FRAME,True,b993cbc2c528500ed71b32f7ac40b9befbf0c425909c2d82833a43b87c7196dc,reports/driveclarify_rq2_t_cg_formal_v3_prospective_evaluability_and_execution_v1/FORMAL_V3_EPISODE_LEVEL_PRIMARY_TABLE.json
ORIGINAL,REF,REF-ASYNC,RQ2TCG-FV3-REF-ASYNC-S05-3C1248228496A5D1,3995035356,B1,,1.0000000327825544,2.2000000327825546,1.2,,,,False,True,EVIDENCE_NEVER_SUFFICIENT,ASYNCHRONOUS_REVEAL,True,bcbd87407ff602e5464deddfe20736cef6b38fcb029404f4ca3f581b7e9db031,reports/driveclarify_rq2_t_cg_formal_v3_prospective_evaluability_and_execution_v1/FORMAL_V3_EPISODE_LEVEL_PRIMARY_TABLE.json
ORIGINAL,REF,REF-ASYNC,RQ2TCG-FV3-REF-ASYNC-S05-3C1248228496A5D1,3995035356,B2,1.5500000230967999,1.0000000327825544,2.2000000327825546,1.2,-0.5499999903142454,0.6500000096857548,False,False,True,,ASYNCHRONOUS_REVEAL,True,bcbd87407ff602e5464deddfe20736cef6b38fcb029404f4ca3f581b7e9db031,reports/driveclarify_rq2_t_cg_formal_v3_prospective_evaluability_and_execution_v1/FORMAL_V3_EPISODE_LEVEL_PRIMARY_TABLE.json
ORIGINAL,LMK,LMK-ASYNC,RQ2TCG-FV3-LMK-ASYNC-S05-3C1248228496A5D1,3995035356,B1,,9.150000154227019,10.350000154227018,1.2,,,,False,True,EVIDENCE_NEVER_SUFFICIENT,ASYNCHRONOUS_REVEAL,True,766ed8ee5c8f69d6fe099d94861fbaea83cfa91b9b2c127fa5cb505d4b89b24f,reports/driveclarify_rq2_t_cg_formal_v3_prospective_evaluability_and_execution_v1/FORMAL_V3_EPISODE_LEVEL_PRIMARY_TABLE.json
ORIGINAL,LMK,LMK-ASYNC,RQ2TCG-FV3-LMK-ASYNC-S05-3C1248228496A5D1,3995035356,B2,8.650000128895044,9.150000154227019,10.350000154227018,1.2,0.5000000253319747,1.700000025331974,True,True,True,,ASYNCHRONOUS_REVEAL,True,766ed8ee5c8f69d6fe099d94861fbaea83cfa91b9b2c127fa5cb505d4b89b24f,reports/driveclarify_rq2_t_cg_formal_v3_prospective_evaluability_and_execution_v1/FORMAL_V3_EPISODE_LEVEL_PRIMARY_TABLE.json
ORIGINAL,REF,USC-INTRINSIC,RQ2TCG-FV3-USC-INTRINSIC-S05-3C1248228496A5D1,3995035356,B1,,1.2000000357627867,2.400000035762787,1.2,,,,False,True,EVIDENCE_NEVER_SUFFICIENT,NEGATIVE_INTRINSIC_SEMANTIC_UNCERTAINTY,True,3f2cd39bce536206fea0273877a8e41347405e50c684df3a53810bd1e268ed7e,reports/driveclarify_rq2_t_cg_formal_v3_prospective_evaluability_and_execution_v1/FORMAL_V3_EPISODE_LEVEL_PRIMARY_TABLE.json
ORIGINAL,REF,USC-INTRINSIC,RQ2TCG-FV3-USC-INTRINSIC-S05-3C1248228496A5D1,3995035356,B2,,1.2000000357627867,2.400000035762787,1.2,,,,False,True,EVIDENCE_NEVER_SUFFICIENT,NEGATIVE_INTRINSIC_SEMANTIC_UNCERTAINTY,True,3f2cd39bce536206fea0273877a8e41347405e50c684df3a53810bd1e268ed7e,reports/driveclarify_rq2_t_cg_formal_v3_prospective_evaluability_and_execution_v1/FORMAL_V3_EPISODE_LEVEL_PRIMARY_TABLE.json
ORIGINAL,ORD,ORD-ASYNC,RQ2TCG-FV3-ORD-ASYNC-S05-3C1248228496A5D1,3995035356,B1,,97.60000147223472,98.80000147223473,1.2,,,,False,True,EVIDENCE_NEVER_SUFFICIENT,ASYNCHRONOUS_REVEAL,True,e100cd5d8d77dc093c370a491cc184be45b89a45e5769cf2e700297eeb38f2c7,reports/driveclarify_rq2_t_cg_formal_v3_prospective_evaluability_and_execution_v1/FORMAL_V3_EPISODE_LEVEL_PRIMARY_TABLE.json
ORIGINAL,ORD,ORD-ASYNC,RQ2TCG-FV3-ORD-ASYNC-S05-3C1248228496A5D1,3995035356,B2,,97.60000147223472,98.80000147223473,1.2,,,,False,True,EVIDENCE_NEVER_SUFFICIENT,ASYNCHRONOUS_REVEAL,True,e100cd5d8d77dc093c370a491cc184be45b89a45e5769cf2e700297eeb38f2c7,reports/driveclarify_rq2_t_cg_formal_v3_prospective_evaluability_and_execution_v1/FORMAL_V3_EPISODE_LEVEL_PRIMARY_TABLE.json
ORIGINAL,REF,REF-SYNC,RQ2TCG-FV3-REF-SYNC-S06-3C1248228496A5D1,2460943988,B1,1.4000000208616257,1.1000000342726706,2.3000000342726707,1.2,-0.2999999865889551,0.9000000134110451,False,False,True,,SYNCHRONOUS_COMMON_CURRENT_FRAME,True,da52748fe268cf841e527c192eec3d6fcb19178783621613cc17f1034b3e8a83,reports/driveclarify_rq2_t_cg_formal_v3_prospective_evaluability_and_execution_v1/FORMAL_V3_EPISODE_LEVEL_PRIMARY_TABLE.json
ORIGINAL,REF,REF-SYNC,RQ2TCG-FV3-REF-SYNC-S06-3C1248228496A5D1,2460943988,B2,1.4000000208616257,1.1000000342726706,2.3000000342726707,1.2,-0.2999999865889551,0.9000000134110451,False,False,True,,SYNCHRONOUS_COMMON_CURRENT_FRAME,True,da52748fe268cf841e527c192eec3d6fcb19178783621613cc17f1034b3e8a83,reports/driveclarify_rq2_t_cg_formal_v3_prospective_evaluability_and_execution_v1/FORMAL_V3_EPISODE_LEVEL_PRIMARY_TABLE.json
ORIGINAL,ORD,ORD-LATE-REVEAL,RQ2TCG-FV3-ORD-LATE-REVEAL-S06-3C1248228496A5D1,2460943988,B1,109.05000162497163,108.3500016324222,109.55000163242221,1.2,-0.6999999925494222,0.5000000074505806,False,False,True,,LATE_AFTER_DEADLINE_BEFORE_COMMITMENT,True,cebf1647a444f6639caebaa5833e2fa0dce8281bbe946f45612721c424fad474,reports/driveclarify_rq2_t_cg_formal_v3_prospective_evaluability_and_execution_v1/FORMAL_V3_EPISODE_LEVEL_PRIMARY_TABLE.json
ORIGINAL,ORD,ORD-LATE-REVEAL,RQ2TCG-FV3-ORD-LATE-REVEAL-S06-3C1248228496A5D1,2460943988,B2,109.05000162497163,108.3500016324222,109.55000163242221,1.2,-0.6999999925494222,0.5000000074505806,False,False,True,,LATE_AFTER_DEADLINE_BEFORE_COMMITMENT,True,cebf1647a444f6639caebaa5833e2fa0dce8281bbe946f45612721c424fad474,reports/driveclarify_rq2_t_cg_formal_v3_prospective_evaluability_and_execution_v1/FORMAL_V3_EPISODE_LEVEL_PRIMARY_TABLE.json
ORIGINAL,LMK,LMK-SYNC,RQ2TCG-FV3-LMK-SYNC-S06-3C1248228496A5D1,2460943988,B1,0.10000000149011612,41.50000063627958,42.70000063627958,1.2,41.400000634789464,42.60000063478947,True,True,True,,SYNCHRONOUS_COMMON_CURRENT_FRAME,True,47132fbf686c27492e93ac6c22439e81ea5117a5c16139ecec820a172fb894d1,reports/driveclarify_rq2_t_cg_formal_v3_prospective_evaluability_and_execution_v1/FORMAL_V3_EPISODE_LEVEL_PRIMARY_TABLE.json
ORIGINAL,LMK,LMK-SYNC,RQ2TCG-FV3-LMK-SYNC-S06-3C1248228496A5D1,2460943988,B2,0.10000000149011612,41.50000063627958,42.70000063627958,1.2,41.400000634789464,42.60000063478947,True,True,True,,SYNCHRONOUS_COMMON_CURRENT_FRAME,True,47132fbf686c27492e93ac6c22439e81ea5117a5c16139ecec820a172fb894d1,reports/driveclarify_rq2_t_cg_formal_v3_prospective_evaluability_and_execution_v1/FORMAL_V3_EPISODE_LEVEL_PRIMARY_TABLE.json
ORIGINAL,REF,REF-ASYNC,RQ2TCG-FV3-REF-ASYNC-S06-3C1248228496A5D1,2460943988,B1,,1.0500000335276125,2.2500000335276127,1.2,,,,False,True,EVIDENCE_NEVER_SUFFICIENT,ASYNCHRONOUS_REVEAL,True,59ba4e8afdbb031504cb597ce23e0ab8ed1eb86d96d12dcb30a03591e74e6974,reports/driveclarify_rq2_t_cg_formal_v3_prospective_evaluability_and_execution_v1/FORMAL_V3_EPISODE_LEVEL_PRIMARY_TABLE.json
ORIGINAL,REF,REF-ASYNC,RQ2TCG-FV3-REF-ASYNC-S06-3C1248228496A5D1,2460943988,B2,1.5500000230967999,1.0500000335276125,2.2500000335276127,1.2,-0.49999998956918734,0.7000000104308128,False,False,True,,ASYNCHRONOUS_REVEAL,True,59ba4e8afdbb031504cb597ce23e0ab8ed1eb86d96d12dcb30a03591e74e6974,reports/driveclarify_rq2_t_cg_formal_v3_prospective_evaluability_and_execution_v1/FORMAL_V3_EPISODE_LEVEL_PRIMARY_TABLE.json
ORIGINAL,LMK,LMK-ASYNC,RQ2TCG-FV3-LMK-ASYNC-S06-3C1248228496A5D1,2460943988,B1,,0.9000000312924383,2.1000000312924385,1.2,,,,False,True,EVIDENCE_NEVER_SUFFICIENT,ASYNCHRONOUS_REVEAL,True,fb7f057fd7e8dbe1d34bf52dcfbdcf7bed28af5a4ce68e6e206d6aac0860ddc9,reports/driveclarify_rq2_t_cg_formal_v3_prospective_evaluability_and_execution_v1/FORMAL_V3_EPISODE_LEVEL_PRIMARY_TABLE.json
ORIGINAL,LMK,LMK-ASYNC,RQ2TCG-FV3-LMK-ASYNC-S06-3C1248228496A5D1,2460943988,B2,0.6500000096857548,0.9000000312924383,2.1000000312924385,1.2,0.25000002160668355,1.4500000216066837,True,True,True,,ASYNCHRONOUS_REVEAL,True,fb7f057fd7e8dbe1d34bf52dcfbdcf7bed28af5a4ce68e6e206d6aac0860ddc9,reports/driveclarify_rq2_t_cg_formal_v3_prospective_evaluability_and_execution_v1/FORMAL_V3_EPISODE_LEVEL_PRIMARY_TABLE.json
ORIGINAL,REF,USC-INTRINSIC,RQ2TCG-FV3-USC-INTRINSIC-S06-3C1248228496A5D1,2460943988,B1,,1.2000000357627867,2.400000035762787,1.2,,,,False,True,EVIDENCE_NEVER_SUFFICIENT,NEGATIVE_INTRINSIC_SEMANTIC_UNCERTAINTY,True,5992478a64cbb5acea5f7e054a6b9d2298f1fd7d64a0fcad7d006b6aa987e280,reports/driveclarify_rq2_t_cg_formal_v3_prospective_evaluability_and_execution_v1/FORMAL_V3_EPISODE_LEVEL_PRIMARY_TABLE.json
ORIGINAL,REF,USC-INTRINSIC,RQ2TCG-FV3-USC-INTRINSIC-S06-3C1248228496A5D1,2460943988,B2,,1.2000000357627867,2.400000035762787,1.2,,,,False,True,EVIDENCE_NEVER_SUFFICIENT,NEGATIVE_INTRINSIC_SEMANTIC_UNCERTAINTY,True,5992478a64cbb5acea5f7e054a6b9d2298f1fd7d64a0fcad7d006b6aa987e280,reports/driveclarify_rq2_t_cg_formal_v3_prospective_evaluability_and_execution_v1/FORMAL_V3_EPISODE_LEVEL_PRIMARY_TABLE.json
ORIGINAL,ORD,ORD-ASYNC,RQ2TCG-FV3-ORD-ASYNC-S06-3C1248228496A5D1,2460943988,B1,,78.15000118240714,79.35000118240714,1.2,,,,False,True,EVIDENCE_NEVER_SUFFICIENT,ASYNCHRONOUS_REVEAL,True,1448111b5152094e96726540c21b19b11c17f514a010d60540fc303236ba3d44,reports/driveclarify_rq2_t_cg_formal_v3_prospective_evaluability_and_execution_v1/FORMAL_V3_EPISODE_LEVEL_PRIMARY_TABLE.json
ORIGINAL,ORD,ORD-ASYNC,RQ2TCG-FV3-ORD-ASYNC-S06-3C1248228496A5D1,2460943988,B2,,78.15000118240714,79.35000118240714,1.2,,,,False,True,EVIDENCE_NEVER_SUFFICIENT,ASYNCHRONOUS_REVEAL,True,1448111b5152094e96726540c21b19b11c17f514a010d60540fc303236ba3d44,reports/driveclarify_rq2_t_cg_formal_v3_prospective_evaluability_and_execution_v1/FORMAL_V3_EPISODE_LEVEL_PRIMARY_TABLE.json
ORIGINAL,REF,NONREVEAL,RQ2TCG-FV3-NONREVEAL-S06-3C1248228496A5D1,2460943988,B1,,1.1500000350177286,2.350000035017729,1.2,,,,False,True,EVIDENCE_NEVER_SUFFICIENT,NEGATIVE_NONREVEAL,True,a0869d81acf7cd08c29c10129b2f05b7cf66cc35e0dafffaf7d6247b85e08d81,reports/driveclarify_rq2_t_cg_formal_v3_prospective_evaluability_and_execution_v1/FORMAL_V3_EPISODE_LEVEL_PRIMARY_TABLE.json
ORIGINAL,REF,NONREVEAL,RQ2TCG-FV3-NONREVEAL-S06-3C1248228496A5D1,2460943988,B2,,1.1500000350177286,2.350000035017729,1.2,,,,False,True,EVIDENCE_NEVER_SUFFICIENT,NEGATIVE_NONREVEAL,True,a0869d81acf7cd08c29c10129b2f05b7cf66cc35e0dafffaf7d6247b85e08d81,reports/driveclarify_rq2_t_cg_formal_v3_prospective_evaluability_and_execution_v1/FORMAL_V3_EPISODE_LEVEL_PRIMARY_TABLE.json
EXTENSION,REF,REF-ACTIONABLE,RQ2EXT-V1-REF-ACTIONABLE-S01-BC78042CC7832D91,926335133,B1,,45.45000069513917,46.65000069513917,1.2,,,,False,True,EVIDENCE_NEVER_SUFFICIENT,ACTIONABLE,True,f46606501a6a4c908295671cb9264258de616f75a9debdab3cb34523ec000381,reports/driveclarify_rq2_extension_single_cell_evaluability_adjudication_v1/RQ2_EXTENSION_RESULTS.json
EXTENSION,REF,REF-ACTIONABLE,RQ2EXT-V1-REF-ACTIONABLE-S01-BC78042CC7832D91,926335133,B2,1.5000000223517418,45.45000069513917,46.65000069513917,1.2,43.950000672787425,45.15000067278743,True,True,True,,ACTIONABLE,True,f46606501a6a4c908295671cb9264258de616f75a9debdab3cb34523ec000381,reports/driveclarify_rq2_extension_single_cell_evaluability_adjudication_v1/RQ2_EXTENSION_RESULTS.json
EXTENSION,REF,REF-TOO-LATE,RQ2EXT-V1-REF-TOO-LATE-S01-3DCBE1CE9C68C7E2,4189277422,B1,,1.2500000365078447,2.450000036507845,1.2,,,,False,True,EVIDENCE_NEVER_SUFFICIENT,TOO-LATE,True,4abe083c755c26cbeefef7dd930e1a5cc2e31906a360b817f9defc3c46149c65,reports/driveclarify_rq2_extension_single_cell_evaluability_adjudication_v1/RQ2_EXTENSION_RESULTS.json
EXTENSION,REF,REF-TOO-LATE,RQ2EXT-V1-REF-TOO-LATE-S01-3DCBE1CE9C68C7E2,4189277422,B2,2.350000035017729,1.2500000365078447,2.450000036507845,1.2,-1.099999998509884,0.10000000149011612,False,False,True,,TOO-LATE,True,4abe083c755c26cbeefef7dd930e1a5cc2e31906a360b817f9defc3c46149c65,reports/driveclarify_rq2_extension_single_cell_evaluability_adjudication_v1/RQ2_EXTENSION_RESULTS.json
EXTENSION,LMK,LMK-ACTIONABLE,RQ2EXT-V1-LMK-ACTIONABLE-S01-1ABBAB10C4AAA36C,2646142452,B1,,41.30000063329935,42.50000063329935,1.2,,,,False,True,EVIDENCE_NEVER_SUFFICIENT,ACTIONABLE,True,845266086d88cfc9624b6379d4fee1aac23cce95fbf2b4261380f2f44f12179a,reports/driveclarify_rq2_extension_single_cell_evaluability_adjudication_v1/RQ2_EXTENSION_RESULTS.json
EXTENSION,LMK,LMK-ACTIONABLE,RQ2EXT-V1-LMK-ACTIONABLE-S01-1ABBAB10C4AAA36C,2646142452,B2,,41.30000063329935,42.50000063329935,1.2,,,,False,True,EVIDENCE_NEVER_SUFFICIENT,ACTIONABLE,True,845266086d88cfc9624b6379d4fee1aac23cce95fbf2b4261380f2f44f12179a,reports/driveclarify_rq2_extension_single_cell_evaluability_adjudication_v1/RQ2_EXTENSION_RESULTS.json
EXTENSION,LMK,LMK-TOO-LATE,RQ2EXT-V1-LMK-TOO-LATE-S01-E4782A33F57A5DF8,4201847453,B1,,41.45000063553452,42.650000635534525,1.2,,,,False,True,EVIDENCE_NEVER_SUFFICIENT,TOO-LATE,True,0d8a2eef753475f38a7c25e510419e3ce35ea226e274272ad23ccc503a956e1c,reports/driveclarify_rq2_extension_single_cell_evaluability_adjudication_v1/RQ2_EXTENSION_RESULTS.json
EXTENSION,LMK,LMK-TOO-LATE,RQ2EXT-V1-LMK-TOO-LATE-S01-E4782A33F57A5DF8,4201847453,B2,42.55000063404441,41.45000063553452,42.650000635534525,1.2,-1.0999999985098867,0.10000000149011612,False,False,True,,TOO-LATE,True,0d8a2eef753475f38a7c25e510419e3ce35ea226e274272ad23ccc503a956e1c,reports/driveclarify_rq2_extension_single_cell_evaluability_adjudication_v1/RQ2_EXTENSION_RESULTS.json
EXTENSION,ORD,ORD-ACTIONABLE,RQ2EXT-V1-ORD-ACTIONABLE-S01-2A50F06BEF0F3D67,600663149,B1,,105.00000158250332,106.20000158250332,1.2,,,,False,True,EVIDENCE_NEVER_SUFFICIENT,ACTIONABLE,True,ea7d24c278aea03e92ee5e4c75895b830517b298ad131a467dbc65864418883b,reports/driveclarify_rq2_extension_single_cell_evaluability_adjudication_v1/RQ2_EXTENSION_RESULTS.json
EXTENSION,ORD,ORD-ACTIONABLE,RQ2EXT-V1-ORD-ACTIONABLE-S01-2A50F06BEF0F3D67,600663149,B2,5.250000078231096,105.00000158250332,106.20000158250332,1.2,99.75000150427222,100.95000150427222,True,True,True,,ACTIONABLE,True,ea7d24c278aea03e92ee5e4c75895b830517b298ad131a467dbc65864418883b,reports/driveclarify_rq2_extension_single_cell_evaluability_adjudication_v1/RQ2_EXTENSION_RESULTS.json
EXTENSION,ORD,ORD-TOO-LATE,RQ2EXT-V1-ORD-TOO-LATE-S01-75BB45FBFC201674,2712710523,B1,,60.85000092461705,62.05000092461705,1.2,,,,False,True,EVIDENCE_NEVER_SUFFICIENT,TOO-LATE,True,165c3419fcc8d4d9f04f191957bcca99400ade2596b4e8cce24efbfe151d0e9f,reports/driveclarify_rq2_extension_single_cell_evaluability_adjudication_v1/RQ2_EXTENSION_RESULTS.json
EXTENSION,ORD,ORD-TOO-LATE,RQ2EXT-V1-ORD-TOO-LATE-S01-75BB45FBFC201674,2712710523,B2,61.750000920146704,60.85000092461705,62.05000092461705,1.2,-0.8999999955296545,0.30000000447034836,False,False,True,,TOO-LATE,True,165c3419fcc8d4d9f04f191957bcca99400ade2596b4e8cce24efbfe151d0e9f,reports/driveclarify_rq2_extension_single_cell_evaluability_adjudication_v1/RQ2_EXTENSION_RESULTS.json
EXTENSION,REF,REF-ACTIONABLE,RQ2EXT-V1-REF-ACTIONABLE-S02-2155714FE847D973,954997216,B1,,45.45000069513917,46.65000069513917,1.2,,,,False,True,EVIDENCE_NEVER_SUFFICIENT,ACTIONABLE,True,9bf0b4e4e0643ea3ad077cb56d28c60d07c28aae95897ec81a26a651d4475494,reports/driveclarify_rq2_extension_single_cell_evaluability_adjudication_v1/RQ2_EXTENSION_RESULTS.json
EXTENSION,REF,REF-ACTIONABLE,RQ2EXT-V1-REF-ACTIONABLE-S02-2155714FE847D973,954997216,B2,1.5000000223517418,45.45000069513917,46.65000069513917,1.2,43.950000672787425,45.15000067278743,True,True,True,,ACTIONABLE,True,9bf0b4e4e0643ea3ad077cb56d28c60d07c28aae95897ec81a26a651d4475494,reports/driveclarify_rq2_extension_single_cell_evaluability_adjudication_v1/RQ2_EXTENSION_RESULTS.json
EXTENSION,REF,REF-TOO-LATE,RQ2EXT-V1-REF-TOO-LATE-S02-5CD951C1176D87D2,2262594852,B1,,1.3000000372529028,2.500000037252903,1.2,,,,False,True,EVIDENCE_NEVER_SUFFICIENT,TOO-LATE,True,b63962d6f60a1fb4d88478b528ce907a03cca90e92f700097d2841afee3eeb00,reports/driveclarify_rq2_extension_single_cell_evaluability_adjudication_v1/RQ2_EXTENSION_RESULTS.json
EXTENSION,REF,REF-TOO-LATE,RQ2EXT-V1-REF-TOO-LATE-S02-5CD951C1176D87D2,2262594852,B2,2.400000035762787,1.3000000372529028,2.500000037252903,1.2,-1.099999998509884,0.10000000149011612,False,False,True,,TOO-LATE,True,b63962d6f60a1fb4d88478b528ce907a03cca90e92f700097d2841afee3eeb00,reports/driveclarify_rq2_extension_single_cell_evaluability_adjudication_v1/RQ2_EXTENSION_RESULTS.json
EXTENSION,LMK,LMK-ACTIONABLE,RQ2EXT-V1-LMK-ACTIONABLE-S02-F602EECEDD35D7E5,3929734504,B1,,41.350000634044406,42.55000063404441,1.2,,,,False,True,EVIDENCE_NEVER_SUFFICIENT,ACTIONABLE,True,a9c00242a776cd123b106ab179bfbe954a9c88d3d71de6cb13d39b7c8ebfd777,reports/driveclarify_rq2_extension_single_cell_evaluability_adjudication_v1/RQ2_EXTENSION_RESULTS.json
EXTENSION,LMK,LMK-ACTIONABLE,RQ2EXT-V1-LMK-ACTIONABLE-S02-F602EECEDD35D7E5,3929734504,B2,,41.350000634044406,42.55000063404441,1.2,,,,False,True,EVIDENCE_NEVER_SUFFICIENT,ACTIONABLE,True,a9c00242a776cd123b106ab179bfbe954a9c88d3d71de6cb13d39b7c8ebfd777,reports/driveclarify_rq2_extension_single_cell_evaluability_adjudication_v1/RQ2_EXTENSION_RESULTS.json
EXTENSION,LMK,LMK-TOO-LATE,RQ2EXT-V1-LMK-TOO-LATE-S02-4C71653527E67B5C,668833869,B1,,41.45000063553452,42.650000635534525,1.2,,,,False,True,EVIDENCE_NEVER_SUFFICIENT,TOO-LATE,True,04ddb53c6ffd3698b4af59ecd6269f782eb8e51826526931f40e3d32a6ce6801,reports/driveclarify_rq2_extension_single_cell_evaluability_adjudication_v1/RQ2_EXTENSION_RESULTS.json
EXTENSION,LMK,LMK-TOO-LATE,RQ2EXT-V1-LMK-TOO-LATE-S02-4C71653527E67B5C,668833869,B2,42.55000063404441,41.45000063553452,42.650000635534525,1.2,-1.0999999985098867,0.10000000149011612,False,False,True,,TOO-LATE,True,04ddb53c6ffd3698b4af59ecd6269f782eb8e51826526931f40e3d32a6ce6801,reports/driveclarify_rq2_extension_single_cell_evaluability_adjudication_v1/RQ2_EXTENSION_RESULTS.json
EXTENSION,ORD,ORD-ACTIONABLE,RQ2EXT-V1-ORD-ACTIONABLE-S02-452909CBD5756BE7,4213317026,B1,,78.50000118762254,79.70000118762255,1.2,,,,False,True,EVIDENCE_NEVER_SUFFICIENT,ACTIONABLE,True,20cdf4c3561ef984f3eebbe64b0ac502c1d9bf6bbced077657535e10932dcff0,reports/driveclarify_rq2_extension_single_cell_evaluability_adjudication_v1/RQ2_EXTENSION_RESULTS.json
EXTENSION,ORD,ORD-ACTIONABLE,RQ2EXT-V1-ORD-ACTIONABLE-S02-452909CBD5756BE7,4213317026,B2,5.100000075995922,78.50000118762254,79.70000118762255,1.2,73.40000111162662,74.60000111162663,True,True,True,,ACTIONABLE,True,20cdf4c3561ef984f3eebbe64b0ac502c1d9bf6bbced077657535e10932dcff0,reports/driveclarify_rq2_extension_single_cell_evaluability_adjudication_v1/RQ2_EXTENSION_RESULTS.json
EXTENSION,ORD,ORD-TOO-LATE,RQ2EXT-V1-ORD-TOO-LATE-S02-F891511ED9EEB5B2,2275249693,B1,,65.2000009894371,66.4000009894371,1.2,,,,False,True,EVIDENCE_NEVER_SUFFICIENT,TOO-LATE,True,d94a6edcadc235059f0c0fa17fb746bfb6ba38467d850060543b3199ff0e44f4,reports/driveclarify_rq2_extension_single_cell_evaluability_adjudication_v1/RQ2_EXTENSION_RESULTS.json
EXTENSION,ORD,ORD-TOO-LATE,RQ2EXT-V1-ORD-TOO-LATE-S02-F891511ED9EEB5B2,2275249693,B2,66.15000098571181,65.2000009894371,66.4000009894371,1.2,-0.9499999962747125,0.2500000037252903,False,False,True,,TOO-LATE,True,d94a6edcadc235059f0c0fa17fb746bfb6ba38467d850060543b3199ff0e44f4,reports/driveclarify_rq2_extension_single_cell_evaluability_adjudication_v1/RQ2_EXTENSION_RESULTS.json
EXTENSION,REF,REF-ACTIONABLE,RQ2EXT-V1-REF-ACTIONABLE-S03-36F30F51197357D3,4265172091,B1,,45.60000069737434,46.800000697374344,1.2,,,,False,True,EVIDENCE_NEVER_SUFFICIENT,ACTIONABLE,True,601f7dc539d083f19b57d97548a24df19c24a087fc3aeb3515bbcdeda60e5549,reports/driveclarify_rq2_extension_single_cell_evaluability_adjudication_v1/RQ2_EXTENSION_RESULTS.json
EXTENSION,REF,REF-ACTIONABLE,RQ2EXT-V1-REF-ACTIONABLE-S03-36F30F51197357D3,4265172091,B2,1.5500000230967999,45.60000069737434,46.800000697374344,1.2,44.05000067427754,45.250000674277544,True,True,True,,ACTIONABLE,True,601f7dc539d083f19b57d97548a24df19c24a087fc3aeb3515bbcdeda60e5549,reports/driveclarify_rq2_extension_single_cell_evaluability_adjudication_v1/RQ2_EXTENSION_RESULTS.json
EXTENSION,REF,REF-TOO-LATE,RQ2EXT-V1-REF-TOO-LATE-S03-0E3B4AFE077A880E,2238385527,B1,,1.2500000365078447,2.450000036507845,1.2,,,,False,True,EVIDENCE_NEVER_SUFFICIENT,TOO-LATE,True,4181d16cc2947d4af6743f8ecc2247c0941bdcd60195ab161f92611b2a7e5c1e,reports/driveclarify_rq2_extension_single_cell_evaluability_adjudication_v1/RQ2_EXTENSION_RESULTS.json
EXTENSION,REF,REF-TOO-LATE,RQ2EXT-V1-REF-TOO-LATE-S03-0E3B4AFE077A880E,2238385527,B2,2.350000035017729,1.2500000365078447,2.450000036507845,1.2,-1.099999998509884,0.10000000149011612,False,False,True,,TOO-LATE,True,4181d16cc2947d4af6743f8ecc2247c0941bdcd60195ab161f92611b2a7e5c1e,reports/driveclarify_rq2_extension_single_cell_evaluability_adjudication_v1/RQ2_EXTENSION_RESULTS.json
EXTENSION,LMK,LMK-ACTIONABLE,RQ2EXT-V1-LMK-ACTIONABLE-S03-38DD48F0049DEF7D,4093706947,B1,,41.45000063553452,42.650000635534525,1.2,,,,False,True,EVIDENCE_NEVER_SUFFICIENT,ACTIONABLE,True,743cd0e518a10668f4090f53ee2ec8f2e06c9bc438216ae189990c64119eb1fe,reports/driveclarify_rq2_extension_single_cell_evaluability_adjudication_v1/RQ2_EXTENSION_RESULTS.json
EXTENSION,LMK,LMK-ACTIONABLE,RQ2EXT-V1-LMK-ACTIONABLE-S03-38DD48F0049DEF7D,4093706947,B2,,41.45000063553452,42.650000635534525,1.2,,,,False,True,EVIDENCE_NEVER_SUFFICIENT,ACTIONABLE,True,743cd0e518a10668f4090f53ee2ec8f2e06c9bc438216ae189990c64119eb1fe,reports/driveclarify_rq2_extension_single_cell_evaluability_adjudication_v1/RQ2_EXTENSION_RESULTS.json
EXTENSION,LMK,LMK-TOO-LATE,RQ2EXT-V1-LMK-TOO-LATE-S03-D3D5943195FB219C,345440748,B1,,0.9000000312924383,2.1000000312924385,1.2,,,,False,True,EVIDENCE_NEVER_SUFFICIENT,TOO-LATE,True,3fcb10e78cf251e4fd6c23c847e1b39e793f130a38f56f138870d45fed9228e8,reports/driveclarify_rq2_extension_single_cell_evaluability_adjudication_v1/RQ2_EXTENSION_RESULTS.json
EXTENSION,LMK,LMK-TOO-LATE,RQ2EXT-V1-LMK-TOO-LATE-S03-D3D5943195FB219C,345440748,B2,,0.9000000312924383,2.1000000312924385,1.2,,,,False,True,EVIDENCE_NEVER_SUFFICIENT,TOO-LATE,True,3fcb10e78cf251e4fd6c23c847e1b39e793f130a38f56f138870d45fed9228e8,reports/driveclarify_rq2_extension_single_cell_evaluability_adjudication_v1/RQ2_EXTENSION_RESULTS.json
EXTENSION,ORD,ORD-ACTIONABLE,RQ2EXT-V1-ORD-ACTIONABLE-S03-121A909D60A298BE,3612151816,B1,,96.05000144913792,97.25000144913793,1.2,,,,False,True,EVIDENCE_NEVER_SUFFICIENT,ACTIONABLE,True,e8bdcbde0ac73b517bd38edfe015f6226c8b93b75b5279f4dcde09be4511709f,reports/driveclarify_rq2_extension_single_cell_evaluability_adjudication_v1/RQ2_EXTENSION_RESULTS.json
EXTENSION,ORD,ORD-ACTIONABLE,RQ2EXT-V1-ORD-ACTIONABLE-S03-121A909D60A298BE,3612151816,B2,5.200000077486038,96.05000144913792,97.25000144913793,1.2,90.85000137165189,92.05000137165189,True,True,True,,ACTIONABLE,True,e8bdcbde0ac73b517bd38edfe015f6226c8b93b75b5279f4dcde09be4511709f,reports/driveclarify_rq2_extension_single_cell_evaluability_adjudication_v1/RQ2_EXTENSION_RESULTS.json
EXTENSION,ORD,ORD-TOO-LATE,RQ2EXT-V1-ORD-TOO-LATE-S03-E5E37F0D4BE7014E,1784496075,B1,,87.80000132620334,89.00000132620335,1.2,,,,False,True,EVIDENCE_NEVER_SUFFICIENT,TOO-LATE,True,cc0a2d694e9dde5547c4e7827ed8aba77336a6e052bd381c3f6ad96ea736e565,reports/driveclarify_rq2_extension_single_cell_evaluability_adjudication_v1/RQ2_EXTENSION_RESULTS.json
EXTENSION,ORD,ORD-TOO-LATE,RQ2EXT-V1-ORD-TOO-LATE-S03-E5E37F0D4BE7014E,1784496075,B2,88.700001321733,87.80000132620334,89.00000132620335,1.2,-0.8999999955296545,0.30000000447034836,False,False,True,,TOO-LATE,True,cc0a2d694e9dde5547c4e7827ed8aba77336a6e052bd381c3f6ad96ea736e565,reports/driveclarify_rq2_extension_single_cell_evaluability_adjudication_v1/RQ2_EXTENSION_RESULTS.json
EXTENSION,REF,REF-ACTIONABLE,RQ2EXT-V1-REF-ACTIONABLE-S04-6D6D200DF45A96DB,4258376728,B1,,45.500000695884225,46.70000069588423,1.2,,,,False,True,EVIDENCE_NEVER_SUFFICIENT,ACTIONABLE,True,aa98436d175bf4a13b016e0dc82f10dd2a5aadd8151d06db006dd23a6dd65e60,reports/driveclarify_rq2_extension_single_cell_evaluability_adjudication_v1/RQ2_EXTENSION_RESULTS.json
EXTENSION,REF,REF-ACTIONABLE,RQ2EXT-V1-REF-ACTIONABLE-S04-6D6D200DF45A96DB,4258376728,B2,1.4500000216066837,45.500000695884225,46.70000069588423,1.2,44.05000067427754,45.250000674277544,True,True,True,,ACTIONABLE,True,aa98436d175bf4a13b016e0dc82f10dd2a5aadd8151d06db006dd23a6dd65e60,reports/driveclarify_rq2_extension_single_cell_evaluability_adjudication_v1/RQ2_EXTENSION_RESULTS.json
EXTENSION,REF,REF-TOO-LATE,RQ2EXT-V1-REF-TOO-LATE-S04-9EEC0C6A80AA64D9,1080171115,B1,,1.2500000365078447,2.450000036507845,1.2,,,,False,True,EVIDENCE_NEVER_SUFFICIENT,TOO-LATE,True,ef51992531215f256c6a4486dda525c0764e56aef5b9bc02d3fa9b1c69775c77,reports/driveclarify_rq2_extension_single_cell_evaluability_adjudication_v1/RQ2_EXTENSION_RESULTS.json
EXTENSION,REF,REF-TOO-LATE,RQ2EXT-V1-REF-TOO-LATE-S04-9EEC0C6A80AA64D9,1080171115,B2,2.350000035017729,1.2500000365078447,2.450000036507845,1.2,-1.099999998509884,0.10000000149011612,False,False,True,,TOO-LATE,True,ef51992531215f256c6a4486dda525c0764e56aef5b9bc02d3fa9b1c69775c77,reports/driveclarify_rq2_extension_single_cell_evaluability_adjudication_v1/RQ2_EXTENSION_RESULTS.json
EXTENSION,LMK,LMK-ACTIONABLE,RQ2EXT-V1-LMK-ACTIONABLE-S04-99C5AF7CCFF95EE8,3356843542,B1,,41.350000634044406,42.55000063404441,1.2,,,,False,True,EVIDENCE_NEVER_SUFFICIENT,ACTIONABLE,True,a58834be39685205f57e86c2b1367adc4fbe849e000a2d6a5867fb293b3b0d74,reports/driveclarify_rq2_extension_single_cell_evaluability_adjudication_v1/RQ2_EXTENSION_RESULTS.json
EXTENSION,LMK,LMK-ACTIONABLE,RQ2EXT-V1-LMK-ACTIONABLE-S04-99C5AF7CCFF95EE8,3356843542,B2,,41.350000634044406,42.55000063404441,1.2,,,,False,True,EVIDENCE_NEVER_SUFFICIENT,ACTIONABLE,True,a58834be39685205f57e86c2b1367adc4fbe849e000a2d6a5867fb293b3b0d74,reports/driveclarify_rq2_extension_single_cell_evaluability_adjudication_v1/RQ2_EXTENSION_RESULTS.json
EXTENSION,LMK,LMK-TOO-LATE,RQ2EXT-V1-LMK-TOO-LATE-S04-8F34C25895D9891A,2269339008,B1,,41.45000063553452,42.650000635534525,1.2,,,,False,True,EVIDENCE_NEVER_SUFFICIENT,TOO-LATE,True,2b37668bf00449751c36ce0fb5ee578497ef48232119bfeac06ad3982981381b,reports/driveclarify_rq2_extension_single_cell_evaluability_adjudication_v1/RQ2_EXTENSION_RESULTS.json
EXTENSION,LMK,LMK-TOO-LATE,RQ2EXT-V1-LMK-TOO-LATE-S04-8F34C25895D9891A,2269339008,B2,42.55000063404441,41.45000063553452,42.650000635534525,1.2,-1.0999999985098867,0.10000000149011612,False,False,True,,TOO-LATE,True,2b37668bf00449751c36ce0fb5ee578497ef48232119bfeac06ad3982981381b,reports/driveclarify_rq2_extension_single_cell_evaluability_adjudication_v1/RQ2_EXTENSION_RESULTS.json
EXTENSION,ORD,ORD-ACTIONABLE,RQ2EXT-V1-ORD-ACTIONABLE-S04-F5FCE1F653126B55,3883197112,B1,,96.15000145062804,97.35000145062804,1.2,,,,False,True,EVIDENCE_NEVER_SUFFICIENT,ACTIONABLE,True,5be103adc7623f66cb58b581b95f07b2337d1df34033984bf43bd41971e7b030,reports/driveclarify_rq2_extension_single_cell_evaluability_adjudication_v1/RQ2_EXTENSION_RESULTS.json
EXTENSION,ORD,ORD-ACTIONABLE,RQ2EXT-V1-ORD-ACTIONABLE-S04-F5FCE1F653126B55,3883197112,B2,,96.15000145062804,97.35000145062804,1.2,,,,False,True,EVIDENCE_NEVER_SUFFICIENT,ACTIONABLE,True,5be103adc7623f66cb58b581b95f07b2337d1df34033984bf43bd41971e7b030,reports/driveclarify_rq2_extension_single_cell_evaluability_adjudication_v1/RQ2_EXTENSION_RESULTS.json
ORIGINAL,ORD,ORD-LATE-REVEAL,RQ2TCG-FV3-ORD-LATE-REVEAL-S04-3C1248228496A5D1,4031630664,B1,,,,1.2,,,,,False,NATIVE_NATURAL_TERMINATION_COMMITMENT_NOT_REACHED,LATE_REVEAL,,,reports/driveclarify_rq2_t_cg_formal_v3_prospective_evaluability_and_execution_v1/FORMAL_V3_EXECUTION_LEDGER.json
ORIGINAL,ORD,ORD-LATE-REVEAL,RQ2TCG-FV3-ORD-LATE-REVEAL-S04-3C1248228496A5D1,4031630664,B2,,,,1.2,,,,,False,NATIVE_NATURAL_TERMINATION_COMMITMENT_NOT_REACHED,LATE_REVEAL,,,reports/driveclarify_rq2_t_cg_formal_v3_prospective_evaluability_and_execution_v1/FORMAL_V3_EXECUTION_LEDGER.json
EXTENSION,ORD,ORD-TOO-LATE,RQ2EXT-V1-ORD-TOO-LATE-S04-BB2C4B6B5417DA7B,718478664,B1,,,,1.2,,,,,False,SCIENTIFIC_NONCOMPLETION_BEFORE_COMMITMENT,TOO-LATE,,,reports/driveclarify_rq2_extension_single_cell_evaluability_adjudication_v1/RQ2_EXTENSION_RESULTS.json
EXTENSION,ORD,ORD-TOO-LATE,RQ2EXT-V1-ORD-TOO-LATE-S04-BB2C4B6B5417DA7B,718478664,B2,,,,1.2,,,,,False,SCIENTIFIC_NONCOMPLETION_BEFORE_COMMITMENT,TOO-LATE,,,reports/driveclarify_rq2_extension_single_cell_evaluability_adjudication_v1/RQ2_EXTENSION_RESULTS.json
