source,layout_id,record_id,trajectory_distance,frozen_threshold,truth_relation,trajectory_relation,agreement,task_evidence_available,source_file,mask_variant,metric_source
B_ABL_FULL,AUTHORED_TEMPLATE:LMK-C,DCAOV-FV1-LMK-C-S01-ABL_FULL,1.7472774581116188,0.27119792945561905,TASK_DIVERGENT,TASK_DIVERGENT,True,True,reports/driveclarify_rq1_conditional_supplement_20260911/sample_results.csv,FULL_INPUT,STEP1_VERIFIED_SAVED_EQUAL_TIME_FUTURES
B_ABL_TRAJ_ONLY,AUTHORED_TEMPLATE:LMK-C,DCAOV-FV1-LMK-C-S01-ABL_TRAJ_ONLY,0.4491338234939003,0.27119792945561905,TASK_DIVERGENT,TASK_DIVERGENT,True,False,reports/driveclarify_rq1_conditional_supplement_20260911/sample_results.csv,FULL_INPUT,STEP1_VERIFIED_SAVED_EQUAL_TIME_FUTURES
B_ABL_FULL,AUTHORED_TEMPLATE:LMK-C,DCAOV-FV1-LMK-C-S02-ABL_FULL,0.48828125,0.27119792945561905,TASK_DIVERGENT,TASK_DIVERGENT,True,True,reports/driveclarify_rq1_conditional_supplement_20260911/sample_results.csv,FULL_INPUT,STEP1_VERIFIED_SAVED_EQUAL_TIME_FUTURES
B_ABL_TRAJ_ONLY,AUTHORED_TEMPLATE:LMK-C,DCAOV-FV1-LMK-C-S02-ABL_TRAJ_ONLY,1.1343537467878186,0.27119792945561905,TASK_DIVERGENT,TASK_DIVERGENT,True,False,reports/driveclarify_rq1_conditional_supplement_20260911/sample_results.csv,FULL_INPUT,STEP1_VERIFIED_SAVED_EQUAL_TIME_FUTURES
B_ABL_FULL,AUTHORED_TEMPLATE:LMK-E,DCAOV-FV1-LMK-E-S01-ABL_FULL,0.3474806438516576,0.27119792945561905,TASK_EQUIVALENT,TASK_DIVERGENT,False,True,reports/driveclarify_rq1_conditional_supplement_20260911/sample_results.csv,FULL_INPUT,STEP1_VERIFIED_SAVED_EQUAL_TIME_FUTURES
B_ABL_TRAJ_ONLY,AUTHORED_TEMPLATE:LMK-E,DCAOV-FV1-LMK-E-S01-ABL_TRAJ_ONLY,0.9401005597807077,0.27119792945561905,TASK_EQUIVALENT,TASK_DIVERGENT,False,False,reports/driveclarify_rq1_conditional_supplement_20260911/sample_results.csv,FULL_INPUT,STEP1_VERIFIED_SAVED_EQUAL_TIME_FUTURES
B_ABL_TRAJ_ONLY,AUTHORED_TEMPLATE:LMK-E,DCAOV-FV1-LMK-E-S02-ABL_TRAJ_ONLY,0.5745773752561529,0.27119792945561905,TASK_EQUIVALENT,TASK_DIVERGENT,False,False,reports/driveclarify_rq1_conditional_supplement_20260911/sample_results.csv,FULL_INPUT,STEP1_VERIFIED_SAVED_EQUAL_TIME_FUTURES
B_ABL_FULL,AUTHORED_TEMPLATE:ORD-C,DCAOV-FV1-ORD-C-S01-ABL_FULL,0.03585460888805824,0.27119792945561905,TASK_DIVERGENT,TASK_EQUIVALENT,False,True,reports/driveclarify_rq1_conditional_supplement_20260911/sample_results.csv,FULL_INPUT,STEP1_VERIFIED_SAVED_EQUAL_TIME_FUTURES
B_ABL_TRAJ_ONLY,AUTHORED_TEMPLATE:ORD-C,DCAOV-FV1-ORD-C-S01-ABL_TRAJ_ONLY,0.10353865457268921,0.27119792945561905,TASK_DIVERGENT,TASK_EQUIVALENT,False,False,reports/driveclarify_rq1_conditional_supplement_20260911/sample_results.csv,FULL_INPUT,STEP1_VERIFIED_SAVED_EQUAL_TIME_FUTURES
B_ABL_FULL,AUTHORED_TEMPLATE:ORD-C,DCAOV-FV1-ORD-C-S02-ABL_FULL,0.06397788810218437,0.27119792945561905,TASK_DIVERGENT,TASK_EQUIVALENT,False,True,reports/driveclarify_rq1_conditional_supplement_20260911/sample_results.csv,FULL_INPUT,STEP1_VERIFIED_SAVED_EQUAL_TIME_FUTURES
B_ABL_TRAJ_ONLY,AUTHORED_TEMPLATE:ORD-C,DCAOV-FV1-ORD-C-S02-ABL_TRAJ_ONLY,0.0807718143818446,0.27119792945561905,TASK_DIVERGENT,TASK_EQUIVALENT,False,False,reports/driveclarify_rq1_conditional_supplement_20260911/sample_results.csv,FULL_INPUT,STEP1_VERIFIED_SAVED_EQUAL_TIME_FUTURES
B_ABL_FULL,AUTHORED_TEMPLATE:ORD-E,DCAOV-FV1-ORD-E-S01-ABL_FULL,0.06262195133547421,0.27119792945561905,TASK_EQUIVALENT,TASK_EQUIVALENT,True,True,reports/driveclarify_rq1_conditional_supplement_20260911/sample_results.csv,FULL_INPUT,STEP1_VERIFIED_SAVED_EQUAL_TIME_FUTURES
B_ABL_TRAJ_ONLY,AUTHORED_TEMPLATE:ORD-E,DCAOV-FV1-ORD-E-S01-ABL_TRAJ_ONLY,0.0068359375,0.27119792945561905,TASK_EQUIVALENT,TASK_EQUIVALENT,True,False,reports/driveclarify_rq1_conditional_supplement_20260911/sample_results.csv,FULL_INPUT,STEP1_VERIFIED_SAVED_EQUAL_TIME_FUTURES
B_ABL_FULL,AUTHORED_TEMPLATE:ORD-E,DCAOV-FV1-ORD-E-S02-ABL_FULL,0.031387028671851946,0.27119792945561905,TASK_EQUIVALENT,TASK_EQUIVALENT,True,True,reports/driveclarify_rq1_conditional_supplement_20260911/sample_results.csv,FULL_INPUT,STEP1_VERIFIED_SAVED_EQUAL_TIME_FUTURES
B_ABL_TRAJ_ONLY,AUTHORED_TEMPLATE:ORD-E,DCAOV-FV1-ORD-E-S02-ABL_TRAJ_ONLY,0.11196130417882266,0.27119792945561905,TASK_EQUIVALENT,TASK_EQUIVALENT,True,False,reports/driveclarify_rq1_conditional_supplement_20260911/sample_results.csv,FULL_INPUT,STEP1_VERIFIED_SAVED_EQUAL_TIME_FUTURES
B_ABL_FULL,AUTHORED_TEMPLATE:REF-C,DCAOV-FV1-REF-C-S01-ABL_FULL,0.15625,0.27119792945561905,TASK_DIVERGENT,TASK_EQUIVALENT,False,True,reports/driveclarify_rq1_conditional_supplement_20260911/sample_results.csv,FULL_INPUT,STEP1_VERIFIED_SAVED_EQUAL_TIME_FUTURES
B_ABL_TRAJ_ONLY,AUTHORED_TEMPLATE:REF-C,DCAOV-FV1-REF-C-S01-ABL_TRAJ_ONLY,0.0625,0.27119792945561905,TASK_DIVERGENT,TASK_EQUIVALENT,False,False,reports/driveclarify_rq1_conditional_supplement_20260911/sample_results.csv,FULL_INPUT,STEP1_VERIFIED_SAVED_EQUAL_TIME_FUTURES
B_ABL_FULL,AUTHORED_TEMPLATE:REF-C,DCAOV-FV1-REF-C-S02-ABL_FULL,0.1288470508005519,0.27119792945561905,TASK_DIVERGENT,TASK_EQUIVALENT,False,True,reports/driveclarify_rq1_conditional_supplement_20260911/sample_results.csv,FULL_INPUT,STEP1_VERIFIED_SAVED_EQUAL_TIME_FUTURES
B_ABL_TRAJ_ONLY,AUTHORED_TEMPLATE:REF-C,DCAOV-FV1-REF-C-S02-ABL_TRAJ_ONLY,0.6011057519272295,0.27119792945561905,TASK_DIVERGENT,TASK_DIVERGENT,True,False,reports/driveclarify_rq1_conditional_supplement_20260911/sample_results.csv,FULL_INPUT,STEP1_VERIFIED_SAVED_EQUAL_TIME_FUTURES
B_ABL_FULL,AUTHORED_TEMPLATE:REF-E,DCAOV-FV1-REF-E-S01-ABL_FULL,0.5440215737048026,0.27119792945561905,TASK_EQUIVALENT,TASK_DIVERGENT,False,True,reports/driveclarify_rq1_conditional_supplement_20260911/sample_results.csv,FULL_INPUT,STEP1_VERIFIED_SAVED_EQUAL_TIME_FUTURES
B_ABL_TRAJ_ONLY,AUTHORED_TEMPLATE:REF-E,DCAOV-FV1-REF-E-S01-ABL_TRAJ_ONLY,0.5262285662202785,0.27119792945561905,TASK_EQUIVALENT,TASK_DIVERGENT,False,False,reports/driveclarify_rq1_conditional_supplement_20260911/sample_results.csv,FULL_INPUT,STEP1_VERIFIED_SAVED_EQUAL_TIME_FUTURES
B_ABL_FULL,AUTHORED_TEMPLATE:REF-E,DCAOV-FV1-REF-E-S02-ABL_FULL,0.5153882032022076,0.27119792945561905,TASK_EQUIVALENT,TASK_DIVERGENT,False,True,reports/driveclarify_rq1_conditional_supplement_20260911/sample_results.csv,FULL_INPUT,STEP1_VERIFIED_SAVED_EQUAL_TIME_FUTURES
B_ABL_TRAJ_ONLY,AUTHORED_TEMPLATE:REF-E,DCAOV-FV1-REF-E-S02-ABL_TRAJ_ONLY,0.6289426425805854,0.27119792945561905,TASK_EQUIVALENT,TASK_DIVERGENT,False,False,reports/driveclarify_rq1_conditional_supplement_20260911/sample_results.csv,FULL_INPUT,STEP1_VERIFIED_SAVED_EQUAL_TIME_FUTURES
B_ABL_FULL,AUTHORED_TEMPLATE:USC-C,DCAOV-FV1-USC-C-S01-ABL_FULL,0.15625,0.27119792945561905,TASK_DIVERGENT,TASK_EQUIVALENT,False,True,reports/driveclarify_rq1_conditional_supplement_20260911/sample_results.csv,FULL_INPUT,STEP1_VERIFIED_SAVED_EQUAL_TIME_FUTURES
B_ABL_TRAJ_ONLY,AUTHORED_TEMPLATE:USC-C,DCAOV-FV1-USC-C-S01-ABL_TRAJ_ONLY,0.125,0.27119792945561905,TASK_DIVERGENT,TASK_EQUIVALENT,False,False,reports/driveclarify_rq1_conditional_supplement_20260911/sample_results.csv,FULL_INPUT,STEP1_VERIFIED_SAVED_EQUAL_TIME_FUTURES
B_ABL_FULL,AUTHORED_TEMPLATE:USC-C,DCAOV-FV1-USC-C-S02-ABL_FULL,0.13975424859373686,0.27119792945561905,TASK_DIVERGENT,TASK_EQUIVALENT,False,True,reports/driveclarify_rq1_conditional_supplement_20260911/sample_results.csv,FULL_INPUT,STEP1_VERIFIED_SAVED_EQUAL_TIME_FUTURES
B_ABL_TRAJ_ONLY,AUTHORED_TEMPLATE:USC-C,DCAOV-FV1-USC-C-S02-ABL_TRAJ_ONLY,0.09375,0.27119792945561905,TASK_DIVERGENT,TASK_EQUIVALENT,False,False,reports/driveclarify_rq1_conditional_supplement_20260911/sample_results.csv,FULL_INPUT,STEP1_VERIFIED_SAVED_EQUAL_TIME_FUTURES
C_DEV,Town01:junction:26,TOWN01_JUNCTION_26_UNIT01|CFG_EVIDENCE_INSUFFICIENT|DC-M1V3-OBS-T01-J26-A-20260804T063020Z|P1,0.07612334441591145,0.1,,TASK_EQUIVALENT,,False,reports/driveclarify_rq1_conditional_supplement_20260911/sample_results.csv,FULL_INPUT,STEP1_VERIFIED_SAVED_EQUAL_TIME_FUTURES
C_DEV,Town01:junction:26,TOWN01_JUNCTION_26_UNIT01|CFG_EVIDENCE_INSUFFICIENT|DC-M1V3-OBS-T01-J26-A-20260804T063020Z|P2,0.03221176270013797,0.1,,TASK_EQUIVALENT,,False,reports/driveclarify_rq1_conditional_supplement_20260911/sample_results.csv,FULL_INPUT,STEP1_VERIFIED_SAVED_EQUAL_TIME_FUTURES
C_DEV,Town01:junction:26,TOWN01_JUNCTION_26_UNIT01|CFG_LONGER_VS_SHARPER|DC-M1V3-OBS-T01-J26-A-20260804T063020Z|P1,0.06841689823063435,0.1,TASK_DIVERGENT,TASK_EQUIVALENT,False,True,reports/driveclarify_rq1_conditional_supplement_20260911/sample_results.csv,FULL_INPUT,STEP1_VERIFIED_SAVED_EQUAL_TIME_FUTURES
C_DEV,Town01:junction:26,TOWN01_JUNCTION_26_UNIT01|CFG_LONGER_VS_SHARPER|DC-M1V3-OBS-T01-J26-A-20260804T063020Z|P2,0.03461721223913371,0.1,TASK_DIVERGENT,TASK_EQUIVALENT,False,True,reports/driveclarify_rq1_conditional_supplement_20260911/sample_results.csv,FULL_INPUT,STEP1_VERIFIED_SAVED_EQUAL_TIME_FUTURES
C_DEV,Town01:junction:26,TOWN01_JUNCTION_26_UNIT01|CFG_LONGER_VS_STRAIGHTER|DC-M1V3-OBS-T01-J26-A-20260804T063020Z|P1,0.03391709958361769,0.1,TASK_EQUIVALENT,TASK_EQUIVALENT,True,True,reports/driveclarify_rq1_conditional_supplement_20260911/sample_results.csv,FULL_INPUT,STEP1_VERIFIED_SAVED_EQUAL_TIME_FUTURES
C_DEV,Town01:junction:26,TOWN01_JUNCTION_26_UNIT01|CFG_LONGER_VS_STRAIGHTER|DC-M1V3-OBS-T01-J26-A-20260804T063020Z|P2,0.03126525506559008,0.1,TASK_EQUIVALENT,TASK_EQUIVALENT,True,True,reports/driveclarify_rq1_conditional_supplement_20260911/sample_results.csv,FULL_INPUT,STEP1_VERIFIED_SAVED_EQUAL_TIME_FUTURES
C_DEV,Town01:junction:26,TOWN01_JUNCTION_26_UNIT01|CFG_SAME_EXPRESSION|DC-M1V3-OBS-T01-J26-A-20260804T063020Z|P1,0.0133056640625,0.1,TASK_EQUIVALENT,TASK_EQUIVALENT,True,True,reports/driveclarify_rq1_conditional_supplement_20260911/sample_results.csv,FULL_INPUT,STEP1_VERIFIED_SAVED_EQUAL_TIME_FUTURES
C_DEV,Town01:junction:26,TOWN01_JUNCTION_26_UNIT01|CFG_SAME_EXPRESSION|DC-M1V3-OBS-T01-J26-A-20260804T063020Z|P2,0.0133056640625,0.1,TASK_EQUIVALENT,TASK_EQUIVALENT,True,True,reports/driveclarify_rq1_conditional_supplement_20260911/sample_results.csv,FULL_INPUT,STEP1_VERIFIED_SAVED_EQUAL_TIME_FUTURES
C_DEV,Town02:junction:20,TOWN02_JUNCTION_20_UNIT01|CFG_EVIDENCE_INSUFFICIENT|DC-M1V3-OBS-T02-J20-A-20260804T063015Z|P1,0.12717828590702895,0.1,,TASK_DIVERGENT,,False,reports/driveclarify_rq1_conditional_supplement_20260911/sample_results.csv,FULL_INPUT,STEP1_VERIFIED_SAVED_EQUAL_TIME_FUTURES
C_DEV,Town02:junction:20,TOWN02_JUNCTION_20_UNIT01|CFG_EVIDENCE_INSUFFICIENT|DC-M1V3-OBS-T02-J20-A-20260804T063015Z|P2,0.06746060952800993,0.1,,TASK_EQUIVALENT,,False,reports/driveclarify_rq1_conditional_supplement_20260911/sample_results.csv,FULL_INPUT,STEP1_VERIFIED_SAVED_EQUAL_TIME_FUTURES
C_DEV,Town02:junction:20,TOWN02_JUNCTION_20_UNIT01|CFG_LONGER_VS_SHARPER|DC-M1V3-OBS-T02-J20-A-20260804T063015Z|P1,0.06358914295351448,0.1,TASK_DIVERGENT,TASK_EQUIVALENT,False,True,reports/driveclarify_rq1_conditional_supplement_20260911/sample_results.csv,FULL_INPUT,STEP1_VERIFIED_SAVED_EQUAL_TIME_FUTURES
C_DEV,Town02:junction:20,TOWN02_JUNCTION_20_UNIT01|CFG_LONGER_VS_SHARPER|DC-M1V3-OBS-T02-J20-A-20260804T063015Z|P2,0.12736187203301427,0.1,TASK_DIVERGENT,TASK_DIVERGENT,True,True,reports/driveclarify_rq1_conditional_supplement_20260911/sample_results.csv,FULL_INPUT,STEP1_VERIFIED_SAVED_EQUAL_TIME_FUTURES
C_DEV,Town02:junction:20,TOWN02_JUNCTION_20_UNIT01|CFG_LONGER_VS_STRAIGHTER|DC-M1V3-OBS-T02-J20-A-20260804T063015Z|P1,0.06277405734370389,0.1,TASK_EQUIVALENT,TASK_EQUIVALENT,True,True,reports/driveclarify_rq1_conditional_supplement_20260911/sample_results.csv,FULL_INPUT,STEP1_VERIFIED_SAVED_EQUAL_TIME_FUTURES
C_DEV,Town02:junction:20,TOWN02_JUNCTION_20_UNIT01|CFG_LONGER_VS_STRAIGHTER|DC-M1V3-OBS-T02-J20-A-20260804T063015Z|P2,0.1265166776617316,0.1,TASK_EQUIVALENT,TASK_DIVERGENT,False,True,reports/driveclarify_rq1_conditional_supplement_20260911/sample_results.csv,FULL_INPUT,STEP1_VERIFIED_SAVED_EQUAL_TIME_FUTURES
C_DEV,Town02:junction:20,TOWN02_JUNCTION_20_UNIT01|CFG_SAME_EXPRESSION|DC-M1V3-OBS-T02-J20-A-20260804T063015Z|P1,0.06277405734370389,0.1,TASK_EQUIVALENT,TASK_EQUIVALENT,True,True,reports/driveclarify_rq1_conditional_supplement_20260911/sample_results.csv,FULL_INPUT,STEP1_VERIFIED_SAVED_EQUAL_TIME_FUTURES
C_DEV,Town02:junction:20,TOWN02_JUNCTION_20_UNIT01|CFG_SAME_EXPRESSION|DC-M1V3-OBS-T02-J20-A-20260804T063015Z|P2,0.06277405734370389,0.1,TASK_EQUIVALENT,TASK_EQUIVALENT,True,True,reports/driveclarify_rq1_conditional_supplement_20260911/sample_results.csv,FULL_INPUT,STEP1_VERIFIED_SAVED_EQUAL_TIME_FUTURES
C_DEV,Town03:junction:498,TOWN03_JUNCTION_498_UNIT01|CFG_EVIDENCE_INSUFFICIENT|DC-M1V3-OBS-T03-J498-A-20260804T063001Z|P1,0.005241921521871066,0.1,,TASK_EQUIVALENT,,False,reports/driveclarify_rq1_conditional_supplement_20260911/sample_results.csv,FULL_INPUT,STEP1_VERIFIED_SAVED_EQUAL_TIME_FUTURES
C_DEV,Town03:junction:498,TOWN03_JUNCTION_498_UNIT01|CFG_EVIDENCE_INSUFFICIENT|DC-M1V3-OBS-T03-J498-A-20260804T063001Z|P2,0.013282686043686957,0.1,,TASK_EQUIVALENT,,False,reports/driveclarify_rq1_conditional_supplement_20260911/sample_results.csv,FULL_INPUT,STEP1_VERIFIED_SAVED_EQUAL_TIME_FUTURES
C_DEV,Town03:junction:498,TOWN03_JUNCTION_498_UNIT01|CFG_LONGER_VS_SHARPER|DC-M1V3-OBS-T03-J498-A-20260804T063001Z|P1,0.008802615418613255,0.1,TASK_DIVERGENT,TASK_EQUIVALENT,False,True,reports/driveclarify_rq1_conditional_supplement_20260911/sample_results.csv,FULL_INPUT,STEP1_VERIFIED_SAVED_EQUAL_TIME_FUTURES
C_DEV,Town03:junction:498,TOWN03_JUNCTION_498_UNIT01|CFG_LONGER_VS_SHARPER|DC-M1V3-OBS-T03-J498-A-20260804T063001Z|P2,0.005940197783494355,0.1,TASK_DIVERGENT,TASK_EQUIVALENT,False,True,reports/driveclarify_rq1_conditional_supplement_20260911/sample_results.csv,FULL_INPUT,STEP1_VERIFIED_SAVED_EQUAL_TIME_FUTURES
C_DEV,Town03:junction:498,TOWN03_JUNCTION_498_UNIT01|CFG_LONGER_VS_STRAIGHTER|DC-M1V3-OBS-T03-J498-A-20260804T063001Z|P1,0.011946062981312254,0.1,TASK_EQUIVALENT,TASK_EQUIVALENT,True,True,reports/driveclarify_rq1_conditional_supplement_20260911/sample_results.csv,FULL_INPUT,STEP1_VERIFIED_SAVED_EQUAL_TIME_FUTURES
C_DEV,Town03:junction:498,TOWN03_JUNCTION_498_UNIT01|CFG_LONGER_VS_STRAIGHTER|DC-M1V3-OBS-T03-J498-A-20260804T063001Z|P2,0.0069580078125,0.1,TASK_EQUIVALENT,TASK_EQUIVALENT,True,True,reports/driveclarify_rq1_conditional_supplement_20260911/sample_results.csv,FULL_INPUT,STEP1_VERIFIED_SAVED_EQUAL_TIME_FUTURES
C_DEV,Town03:junction:498,TOWN03_JUNCTION_498_UNIT01|CFG_SAME_EXPRESSION|DC-M1V3-OBS-T03-J498-A-20260804T063001Z|P1,0.0034955617830264535,0.1,TASK_EQUIVALENT,TASK_EQUIVALENT,True,True,reports/driveclarify_rq1_conditional_supplement_20260911/sample_results.csv,FULL_INPUT,STEP1_VERIFIED_SAVED_EQUAL_TIME_FUTURES
C_DEV,Town03:junction:498,TOWN03_JUNCTION_498_UNIT01|CFG_SAME_EXPRESSION|DC-M1V3-OBS-T03-J498-A-20260804T063001Z|P2,0.0034955617830264535,0.1,TASK_EQUIVALENT,TASK_EQUIVALENT,True,True,reports/driveclarify_rq1_conditional_supplement_20260911/sample_results.csv,FULL_INPUT,STEP1_VERIFIED_SAVED_EQUAL_TIME_FUTURES
C_DEV,Town04:junction:483,TOWN04_JUNCTION_483_UNIT01|CFG_EVIDENCE_INSUFFICIENT|DC-M1V3-OBS-T04-J483-A-20260804T063004Z|P1,0.00390815688319876,0.1,,TASK_EQUIVALENT,,False,reports/driveclarify_rq1_conditional_supplement_20260911/sample_results.csv,FULL_INPUT,STEP1_VERIFIED_SAVED_EQUAL_TIME_FUTURES
C_DEV,Town04:junction:483,TOWN04_JUNCTION_483_UNIT01|CFG_EVIDENCE_INSUFFICIENT|DC-M1V3-OBS-T04-J483-A-20260804T063004Z|P2,0.0111159414315515,0.1,,TASK_EQUIVALENT,,False,reports/driveclarify_rq1_conditional_supplement_20260911/sample_results.csv,FULL_INPUT,STEP1_VERIFIED_SAVED_EQUAL_TIME_FUTURES
C_DEV,Town04:junction:483,TOWN04_JUNCTION_483_UNIT01|CFG_LONGER_VS_SHARPER|DC-M1V3-OBS-T04-J483-A-20260804T063004Z|P1,0.006596598818810616,0.1,TASK_DIVERGENT,TASK_EQUIVALENT,False,True,reports/driveclarify_rq1_conditional_supplement_20260911/sample_results.csv,FULL_INPUT,STEP1_VERIFIED_SAVED_EQUAL_TIME_FUTURES
C_DEV,Town04:junction:483,TOWN04_JUNCTION_483_UNIT01|CFG_LONGER_VS_SHARPER|DC-M1V3-OBS-T04-J483-A-20260804T063004Z|P2,0.01080856622127864,0.1,TASK_DIVERGENT,TASK_EQUIVALENT,False,True,reports/driveclarify_rq1_conditional_supplement_20260911/sample_results.csv,FULL_INPUT,STEP1_VERIFIED_SAVED_EQUAL_TIME_FUTURES
C_DEV,Town04:junction:483,TOWN04_JUNCTION_483_UNIT01|CFG_LONGER_VS_STRAIGHTER|DC-M1V3-OBS-T04-J483-A-20260804T063004Z|P1,0.008338617596507926,0.1,TASK_EQUIVALENT,TASK_EQUIVALENT,True,True,reports/driveclarify_rq1_conditional_supplement_20260911/sample_results.csv,FULL_INPUT,STEP1_VERIFIED_SAVED_EQUAL_TIME_FUTURES
C_DEV,Town04:junction:483,TOWN04_JUNCTION_483_UNIT01|CFG_LONGER_VS_STRAIGHTER|DC-M1V3-OBS-T04-J483-A-20260804T063004Z|P2,0.003806265094645719,0.1,TASK_EQUIVALENT,TASK_EQUIVALENT,True,True,reports/driveclarify_rq1_conditional_supplement_20260911/sample_results.csv,FULL_INPUT,STEP1_VERIFIED_SAVED_EQUAL_TIME_FUTURES
C_DEV,Town04:junction:483,TOWN04_JUNCTION_483_UNIT01|CFG_SAME_EXPRESSION|DC-M1V3-OBS-T04-J483-A-20260804T063004Z|P1,0.004715138651325187,0.1,TASK_EQUIVALENT,TASK_EQUIVALENT,True,True,reports/driveclarify_rq1_conditional_supplement_20260911/sample_results.csv,FULL_INPUT,STEP1_VERIFIED_SAVED_EQUAL_TIME_FUTURES
C_DEV,Town04:junction:483,TOWN04_JUNCTION_483_UNIT01|CFG_SAME_EXPRESSION|DC-M1V3-OBS-T04-J483-A-20260804T063004Z|P2,0.004715138651325187,0.1,TASK_EQUIVALENT,TASK_EQUIVALENT,True,True,reports/driveclarify_rq1_conditional_supplement_20260911/sample_results.csv,FULL_INPUT,STEP1_VERIFIED_SAVED_EQUAL_TIME_FUTURES
C_DEV,Town05:junction:720,TOWN05_JUNCTION_720_UNIT01|CFG_EVIDENCE_INSUFFICIENT|DC-M1V3-OBS-T05-J720-A-20260804T063007Z|P1,0.12663181431953688,0.1,,TASK_DIVERGENT,,False,reports/driveclarify_rq1_conditional_supplement_20260911/sample_results.csv,FULL_INPUT,STEP1_VERIFIED_SAVED_EQUAL_TIME_FUTURES
C_DEV,Town05:junction:720,TOWN05_JUNCTION_720_UNIT01|CFG_EVIDENCE_INSUFFICIENT|DC-M1V3-OBS-T05-J720-A-20260804T063007Z|P2,0.09439153513779806,0.1,,TASK_EQUIVALENT,,False,reports/driveclarify_rq1_conditional_supplement_20260911/sample_results.csv,FULL_INPUT,STEP1_VERIFIED_SAVED_EQUAL_TIME_FUTURES
C_DEV,Town05:junction:720,TOWN05_JUNCTION_720_UNIT01|CFG_LONGER_VS_SHARPER|DC-M1V3-OBS-T05-J720-A-20260804T063007Z|P1,0.03215342226931918,0.1,TASK_DIVERGENT,TASK_EQUIVALENT,False,True,reports/driveclarify_rq1_conditional_supplement_20260911/sample_results.csv,FULL_INPUT,STEP1_VERIFIED_SAVED_EQUAL_TIME_FUTURES
C_DEV,Town05:junction:720,TOWN05_JUNCTION_720_UNIT01|CFG_LONGER_VS_SHARPER|DC-M1V3-OBS-T05-J720-A-20260804T063007Z|P2,0.07812652586400538,0.1,TASK_DIVERGENT,TASK_EQUIVALENT,False,True,reports/driveclarify_rq1_conditional_supplement_20260911/sample_results.csv,FULL_INPUT,STEP1_VERIFIED_SAVED_EQUAL_TIME_FUTURES
C_DEV,Town05:junction:720,TOWN05_JUNCTION_720_UNIT01|CFG_LONGER_VS_STRAIGHTER|DC-M1V3-OBS-T05-J720-A-20260804T063007Z|P1,0.03304477405407936,0.1,TASK_EQUIVALENT,TASK_EQUIVALENT,True,True,reports/driveclarify_rq1_conditional_supplement_20260911/sample_results.csv,FULL_INPUT,STEP1_VERIFIED_SAVED_EQUAL_TIME_FUTURES
C_DEV,Town05:junction:720,TOWN05_JUNCTION_720_UNIT01|CFG_LONGER_VS_STRAIGHTER|DC-M1V3-OBS-T05-J720-A-20260804T063007Z|P2,0.031988944051092184,0.1,TASK_EQUIVALENT,TASK_EQUIVALENT,True,True,reports/driveclarify_rq1_conditional_supplement_20260911/sample_results.csv,FULL_INPUT,STEP1_VERIFIED_SAVED_EQUAL_TIME_FUTURES
C_DEV,Town05:junction:720,TOWN05_JUNCTION_720_UNIT01|CFG_SAME_EXPRESSION|DC-M1V3-OBS-T05-J720-A-20260804T063007Z|P1,0.015655487833868553,0.1,TASK_EQUIVALENT,TASK_EQUIVALENT,True,True,reports/driveclarify_rq1_conditional_supplement_20260911/sample_results.csv,FULL_INPUT,STEP1_VERIFIED_SAVED_EQUAL_TIME_FUTURES
C_DEV,Town05:junction:720,TOWN05_JUNCTION_720_UNIT01|CFG_SAME_EXPRESSION|DC-M1V3-OBS-T05-J720-A-20260804T063007Z|P2,0.015655487833868553,0.1,TASK_EQUIVALENT,TASK_EQUIVALENT,True,True,reports/driveclarify_rq1_conditional_supplement_20260911/sample_results.csv,FULL_INPUT,STEP1_VERIFIED_SAVED_EQUAL_TIME_FUTURES
C_DEV,Town06:junction:72,TOWN06_JUNCTION_72_UNIT01|CFG_EVIDENCE_INSUFFICIENT|DC-M1V3-OBS-T06-J72-A-20260804T063013Z|P1,0.0547587428788803,0.1,,TASK_EQUIVALENT,,False,reports/driveclarify_rq1_conditional_supplement_20260911/sample_results.csv,FULL_INPUT,STEP1_VERIFIED_SAVED_EQUAL_TIME_FUTURES
C_DEV,Town06:junction:72,TOWN06_JUNCTION_72_UNIT01|CFG_EVIDENCE_INSUFFICIENT|DC-M1V3-OBS-T06-J72-A-20260804T063013Z|P2,0.2500968090014721,0.1,,TASK_DIVERGENT,,False,reports/driveclarify_rq1_conditional_supplement_20260911/sample_results.csv,FULL_INPUT,STEP1_VERIFIED_SAVED_EQUAL_TIME_FUTURES
C_DEV,Town06:junction:72,TOWN06_JUNCTION_72_UNIT01|CFG_LONGER_VS_SHARPER|DC-M1V3-OBS-T06-J72-A-20260804T063013Z|P1,0.06339587438529602,0.1,TASK_EQUIVALENT,TASK_EQUIVALENT,True,True,reports/driveclarify_rq1_conditional_supplement_20260911/sample_results.csv,FULL_INPUT,STEP1_VERIFIED_SAVED_EQUAL_TIME_FUTURES
C_DEV,Town06:junction:72,TOWN06_JUNCTION_72_UNIT01|CFG_LONGER_VS_SHARPER|DC-M1V3-OBS-T06-J72-A-20260804T063013Z|P2,0.05472920734731699,0.1,TASK_EQUIVALENT,TASK_EQUIVALENT,True,True,reports/driveclarify_rq1_conditional_supplement_20260911/sample_results.csv,FULL_INPUT,STEP1_VERIFIED_SAVED_EQUAL_TIME_FUTURES
C_DEV,Town06:junction:72,TOWN06_JUNCTION_72_UNIT01|CFG_LONGER_VS_STRAIGHTER|DC-M1V3-OBS-T06-J72-A-20260804T063013Z|P1,0.0431056902032374,0.1,TASK_DIVERGENT,TASK_EQUIVALENT,False,True,reports/driveclarify_rq1_conditional_supplement_20260911/sample_results.csv,FULL_INPUT,STEP1_VERIFIED_SAVED_EQUAL_TIME_FUTURES
C_DEV,Town06:junction:72,TOWN06_JUNCTION_72_UNIT01|CFG_LONGER_VS_STRAIGHTER|DC-M1V3-OBS-T06-J72-A-20260804T063013Z|P2,0.1250014901072377,0.1,TASK_DIVERGENT,TASK_DIVERGENT,True,True,reports/driveclarify_rq1_conditional_supplement_20260911/sample_results.csv,FULL_INPUT,STEP1_VERIFIED_SAVED_EQUAL_TIME_FUTURES
C_DEV,Town06:junction:72,TOWN06_JUNCTION_72_UNIT01|CFG_SAME_EXPRESSION|DC-M1V3-OBS-T06-J72-A-20260804T063013Z|P1,0.06413839543099854,0.1,TASK_EQUIVALENT,TASK_EQUIVALENT,True,True,reports/driveclarify_rq1_conditional_supplement_20260911/sample_results.csv,FULL_INPUT,STEP1_VERIFIED_SAVED_EQUAL_TIME_FUTURES
C_DEV,Town06:junction:72,TOWN06_JUNCTION_72_UNIT01|CFG_SAME_EXPRESSION|DC-M1V3-OBS-T06-J72-A-20260804T063013Z|P2,0.06413839543099854,0.1,TASK_EQUIVALENT,TASK_EQUIVALENT,True,True,reports/driveclarify_rq1_conditional_supplement_20260911/sample_results.csv,FULL_INPUT,STEP1_VERIFIED_SAVED_EQUAL_TIME_FUTURES
C_DEV,Town07:junction:260,TOWN07_JUNCTION_260_UNIT01|CFG_EVIDENCE_INSUFFICIENT|DC-M1V3-OBS-T07-J260-A-20260804T063017Z|P1,0.03227184466621641,0.1,,TASK_EQUIVALENT,,False,reports/driveclarify_rq1_conditional_supplement_20260911/sample_results.csv,FULL_INPUT,STEP1_VERIFIED_SAVED_EQUAL_TIME_FUTURES
C_DEV,Town07:junction:260,TOWN07_JUNCTION_260_UNIT01|CFG_EVIDENCE_INSUFFICIENT|DC-M1V3-OBS-T07-J260-A-20260804T063017Z|P2,0.1252003494653913,0.1,,TASK_DIVERGENT,,False,reports/driveclarify_rq1_conditional_supplement_20260911/sample_results.csv,FULL_INPUT,STEP1_VERIFIED_SAVED_EQUAL_TIME_FUTURES
C_DEV,Town07:junction:260,TOWN07_JUNCTION_260_UNIT01|CFG_LONGER_VS_SHARPER|DC-M1V3-OBS-T07-J260-A-20260804T063017Z|P1,0.033964734595519866,0.1,TASK_DIVERGENT,TASK_EQUIVALENT,False,True,reports/driveclarify_rq1_conditional_supplement_20260911/sample_results.csv,FULL_INPUT,STEP1_VERIFIED_SAVED_EQUAL_TIME_FUTURES
C_DEV,Town07:junction:260,TOWN07_JUNCTION_260_UNIT01|CFG_LONGER_VS_SHARPER|DC-M1V3-OBS-T07-J260-A-20260804T063017Z|P2,0.039062929151085,0.1,TASK_DIVERGENT,TASK_EQUIVALENT,False,True,reports/driveclarify_rq1_conditional_supplement_20260911/sample_results.csv,FULL_INPUT,STEP1_VERIFIED_SAVED_EQUAL_TIME_FUTURES
C_DEV,Town07:junction:260,TOWN07_JUNCTION_260_UNIT01|CFG_LONGER_VS_STRAIGHTER|DC-M1V3-OBS-T07-J260-A-20260804T063017Z|P1,0.09490642971389833,0.1,TASK_EQUIVALENT,TASK_EQUIVALENT,True,True,reports/driveclarify_rq1_conditional_supplement_20260911/sample_results.csv,FULL_INPUT,STEP1_VERIFIED_SAVED_EQUAL_TIME_FUTURES
C_DEV,Town07:junction:260,TOWN07_JUNCTION_260_UNIT01|CFG_LONGER_VS_STRAIGHTER|DC-M1V3-OBS-T07-J260-A-20260804T063017Z|P2,0.06254766553979084,0.1,TASK_EQUIVALENT,TASK_EQUIVALENT,True,True,reports/driveclarify_rq1_conditional_supplement_20260911/sample_results.csv,FULL_INPUT,STEP1_VERIFIED_SAVED_EQUAL_TIME_FUTURES
C_DEV,Town07:junction:260,TOWN07_JUNCTION_260_UNIT01|CFG_SAME_EXPRESSION|DC-M1V3-OBS-T07-J260-A-20260804T063017Z|P1,0.09376557538667372,0.1,TASK_EQUIVALENT,TASK_EQUIVALENT,True,True,reports/driveclarify_rq1_conditional_supplement_20260911/sample_results.csv,FULL_INPUT,STEP1_VERIFIED_SAVED_EQUAL_TIME_FUTURES
C_DEV,Town07:junction:260,TOWN07_JUNCTION_260_UNIT01|CFG_SAME_EXPRESSION|DC-M1V3-OBS-T07-J260-A-20260804T063017Z|P2,0.09376557538667372,0.1,TASK_EQUIVALENT,TASK_EQUIVALENT,True,True,reports/driveclarify_rq1_conditional_supplement_20260911/sample_results.csv,FULL_INPUT,STEP1_VERIFIED_SAVED_EQUAL_TIME_FUTURES
C_DEV,Town10HD:junction:664,TOWN10HD_JUNCTION_664_UNIT01|CFG_EVIDENCE_INSUFFICIENT|DC-M1V3-OBS-T10HD-J664-A-20260804T063024Z|P1,0.004979511243742954,0.1,,TASK_EQUIVALENT,,False,reports/driveclarify_rq1_conditional_supplement_20260911/sample_results.csv,FULL_INPUT,STEP1_VERIFIED_SAVED_EQUAL_TIME_FUTURES
C_DEV,Town10HD:junction:664,TOWN10HD_JUNCTION_664_UNIT01|CFG_EVIDENCE_INSUFFICIENT|DC-M1V3-OBS-T10HD-J664-A-20260804T063024Z|P2,0.027500249688142037,0.1,,TASK_EQUIVALENT,,False,reports/driveclarify_rq1_conditional_supplement_20260911/sample_results.csv,FULL_INPUT,STEP1_VERIFIED_SAVED_EQUAL_TIME_FUTURES
C_DEV,Town10HD:junction:664,TOWN10HD_JUNCTION_664_UNIT01|CFG_LONGER_VS_SHARPER|DC-M1V3-OBS-T10HD-J664-A-20260804T063024Z|P1,0.019628663322501738,0.1,TASK_DIVERGENT,TASK_EQUIVALENT,False,True,reports/driveclarify_rq1_conditional_supplement_20260911/sample_results.csv,FULL_INPUT,STEP1_VERIFIED_SAVED_EQUAL_TIME_FUTURES
C_DEV,Town10HD:junction:664,TOWN10HD_JUNCTION_664_UNIT01|CFG_LONGER_VS_SHARPER|DC-M1V3-OBS-T10HD-J664-A-20260804T063024Z|P2,0.018657200365764452,0.1,TASK_DIVERGENT,TASK_EQUIVALENT,False,True,reports/driveclarify_rq1_conditional_supplement_20260911/sample_results.csv,FULL_INPUT,STEP1_VERIFIED_SAVED_EQUAL_TIME_FUTURES
C_DEV,Town10HD:junction:664,TOWN10HD_JUNCTION_664_UNIT01|CFG_LONGER_VS_STRAIGHTER|DC-M1V3-OBS-T10HD-J664-A-20260804T063024Z|P1,0.025559086578715626,0.1,TASK_EQUIVALENT,TASK_EQUIVALENT,True,True,reports/driveclarify_rq1_conditional_supplement_20260911/sample_results.csv,FULL_INPUT,STEP1_VERIFIED_SAVED_EQUAL_TIME_FUTURES
C_DEV,Town10HD:junction:664,TOWN10HD_JUNCTION_664_UNIT01|CFG_LONGER_VS_STRAIGHTER|DC-M1V3-OBS-T10HD-J664-A-20260804T063024Z|P2,0.010786485368346935,0.1,TASK_EQUIVALENT,TASK_EQUIVALENT,True,True,reports/driveclarify_rq1_conditional_supplement_20260911/sample_results.csv,FULL_INPUT,STEP1_VERIFIED_SAVED_EQUAL_TIME_FUTURES
C_DEV,Town10HD:junction:664,TOWN10HD_JUNCTION_664_UNIT01|CFG_SAME_EXPRESSION|DC-M1V3-OBS-T10HD-J664-A-20260804T063024Z|P1,0.025465634395322848,0.1,TASK_EQUIVALENT,TASK_EQUIVALENT,True,True,reports/driveclarify_rq1_conditional_supplement_20260911/sample_results.csv,FULL_INPUT,STEP1_VERIFIED_SAVED_EQUAL_TIME_FUTURES
C_DEV,Town10HD:junction:664,TOWN10HD_JUNCTION_664_UNIT01|CFG_SAME_EXPRESSION|DC-M1V3-OBS-T10HD-J664-A-20260804T063024Z|P2,0.025465634395322848,0.1,TASK_EQUIVALENT,TASK_EQUIVALENT,True,True,reports/driveclarify_rq1_conditional_supplement_20260911/sample_results.csv,FULL_INPUT,STEP1_VERIFIED_SAVED_EQUAL_TIME_FUTURES
C_HIST,Town01:junction:110,TOWN01_JUNCTION_110_UNIT01|CFG_EVIDENCE_INSUFFICIENT|DC-M1V3-OBS-T01-J110-A-20260804T063023Z|P1,0.06358914295351448,0.1,,TASK_EQUIVALENT,,False,reports/driveclarify_rq1_conditional_supplement_20260911/sample_results.csv,FULL_INPUT,STEP1_VERIFIED_SAVED_EQUAL_TIME_FUTURES
C_HIST,Town01:junction:110,TOWN01_JUNCTION_110_UNIT01|CFG_EVIDENCE_INSUFFICIENT|DC-M1V3-OBS-T01-J110-A-20260804T063023Z|P2,0.024658203125,0.1,,TASK_EQUIVALENT,,False,reports/driveclarify_rq1_conditional_supplement_20260911/sample_results.csv,FULL_INPUT,STEP1_VERIFIED_SAVED_EQUAL_TIME_FUTURES
C_HIST,Town01:junction:110,TOWN01_JUNCTION_110_UNIT01|CFG_LONGER_VS_SHARPER|DC-M1V3-OBS-T01-J110-A-20260804T063023Z|P1,0.06256302993199375,0.1,TASK_DIVERGENT,TASK_EQUIVALENT,False,True,reports/driveclarify_rq1_conditional_supplement_20260911/sample_results.csv,FULL_INPUT,STEP1_VERIFIED_SAVED_EQUAL_TIME_FUTURES
C_HIST,Town01:junction:110,TOWN01_JUNCTION_110_UNIT01|CFG_LONGER_VS_SHARPER|DC-M1V3-OBS-T01-J110-A-20260804T063023Z|P2,0.031988944051092184,0.1,TASK_DIVERGENT,TASK_EQUIVALENT,False,True,reports/driveclarify_rq1_conditional_supplement_20260911/sample_results.csv,FULL_INPUT,STEP1_VERIFIED_SAVED_EQUAL_TIME_FUTURES
C_HIST,Town01:junction:110,TOWN01_JUNCTION_110_UNIT01|CFG_LONGER_VS_STRAIGHTER|DC-M1V3-OBS-T01-J110-A-20260804T063023Z|P1,0.1251260598639875,0.1,TASK_EQUIVALENT,TASK_DIVERGENT,False,True,reports/driveclarify_rq1_conditional_supplement_20260911/sample_results.csv,FULL_INPUT,STEP1_VERIFIED_SAVED_EQUAL_TIME_FUTURES
C_HIST,Town01:junction:110,TOWN01_JUNCTION_110_UNIT01|CFG_LONGER_VS_STRAIGHTER|DC-M1V3-OBS-T01-J110-A-20260804T063023Z|P2,0.031375869936490136,0.1,TASK_EQUIVALENT,TASK_EQUIVALENT,True,True,reports/driveclarify_rq1_conditional_supplement_20260911/sample_results.csv,FULL_INPUT,STEP1_VERIFIED_SAVED_EQUAL_TIME_FUTURES
C_HIST,Town01:junction:110,TOWN01_JUNCTION_110_UNIT01|CFG_SAME_EXPRESSION|DC-M1V3-OBS-T01-J110-A-20260804T063023Z|P1,0.06350097186929289,0.1,TASK_EQUIVALENT,TASK_EQUIVALENT,True,True,reports/driveclarify_rq1_conditional_supplement_20260911/sample_results.csv,FULL_INPUT,STEP1_VERIFIED_SAVED_EQUAL_TIME_FUTURES
C_HIST,Town01:junction:110,TOWN01_JUNCTION_110_UNIT01|CFG_SAME_EXPRESSION|DC-M1V3-OBS-T01-J110-A-20260804T063023Z|P2,0.06350097186929289,0.1,TASK_EQUIVALENT,TASK_EQUIVALENT,True,True,reports/driveclarify_rq1_conditional_supplement_20260911/sample_results.csv,FULL_INPUT,STEP1_VERIFIED_SAVED_EQUAL_TIME_FUTURES
C_HIST,Town01:junction:54,TOWN01_JUNCTION_54_UNIT01|CFG_EVIDENCE_INSUFFICIENT|DC-M1V3-OBS-T01-J54-A-20260804T063021Z|P1,0.07123553212826908,0.1,,TASK_EQUIVALENT,,False,reports/driveclarify_rq1_conditional_supplement_20260911/sample_results.csv,FULL_INPUT,STEP1_VERIFIED_SAVED_EQUAL_TIME_FUTURES
C_HIST,Town01:junction:54,TOWN01_JUNCTION_54_UNIT01|CFG_EVIDENCE_INSUFFICIENT|DC-M1V3-OBS-T01-J54-A-20260804T063021Z|P2,0.06277405734370389,0.1,,TASK_EQUIVALENT,,False,reports/driveclarify_rq1_conditional_supplement_20260911/sample_results.csv,FULL_INPUT,STEP1_VERIFIED_SAVED_EQUAL_TIME_FUTURES
C_HIST,Town01:junction:54,TOWN01_JUNCTION_54_UNIT01|CFG_LONGER_VS_SHARPER|DC-M1V3-OBS-T01-J54-A-20260804T063021Z|P1,0.06358914295351448,0.1,TASK_DIVERGENT,TASK_EQUIVALENT,False,True,reports/driveclarify_rq1_conditional_supplement_20260911/sample_results.csv,FULL_INPUT,STEP1_VERIFIED_SAVED_EQUAL_TIME_FUTURES
C_HIST,Town01:junction:54,TOWN01_JUNCTION_54_UNIT01|CFG_LONGER_VS_SHARPER|DC-M1V3-OBS-T01-J54-A-20260804T063021Z|P2,0.1250085827741916,0.1,TASK_DIVERGENT,TASK_DIVERGENT,True,True,reports/driveclarify_rq1_conditional_supplement_20260911/sample_results.csv,FULL_INPUT,STEP1_VERIFIED_SAVED_EQUAL_TIME_FUTURES
C_HIST,Town01:junction:54,TOWN01_JUNCTION_54_UNIT01|CFG_LONGER_VS_STRAIGHTER|DC-M1V3-OBS-T01-J54-A-20260804T063021Z|P1,0.06277405734370389,0.1,TASK_EQUIVALENT,TASK_EQUIVALENT,True,True,reports/driveclarify_rq1_conditional_supplement_20260911/sample_results.csv,FULL_INPUT,STEP1_VERIFIED_SAVED_EQUAL_TIME_FUTURES
C_HIST,Town01:junction:54,TOWN01_JUNCTION_54_UNIT01|CFG_LONGER_VS_STRAIGHTER|DC-M1V3-OBS-T01-J54-A-20260804T063021Z|P2,0.12574545783453026,0.1,TASK_EQUIVALENT,TASK_DIVERGENT,False,True,reports/driveclarify_rq1_conditional_supplement_20260911/sample_results.csv,FULL_INPUT,STEP1_VERIFIED_SAVED_EQUAL_TIME_FUTURES
C_HIST,Town01:junction:54,TOWN01_JUNCTION_54_UNIT01|CFG_SAME_EXPRESSION|DC-M1V3-OBS-T01-J54-A-20260804T063021Z|P1,0.06269044470978138,0.1,TASK_EQUIVALENT,TASK_EQUIVALENT,True,True,reports/driveclarify_rq1_conditional_supplement_20260911/sample_results.csv,FULL_INPUT,STEP1_VERIFIED_SAVED_EQUAL_TIME_FUTURES
C_HIST,Town01:junction:54,TOWN01_JUNCTION_54_UNIT01|CFG_SAME_EXPRESSION|DC-M1V3-OBS-T01-J54-A-20260804T063021Z|P2,0.06269044470978138,0.1,TASK_EQUIVALENT,TASK_EQUIVALENT,True,True,reports/driveclarify_rq1_conditional_supplement_20260911/sample_results.csv,FULL_INPUT,STEP1_VERIFIED_SAVED_EQUAL_TIME_FUTURES
C_HIST,Town01:junction:87,TOWN01_JUNCTION_87_UNIT01|CFG_EVIDENCE_INSUFFICIENT|DC-M1V3-OBS-T01-J87-A-20260804T063022Z|P1,0.03221176270013797,0.1,,TASK_EQUIVALENT,,False,reports/driveclarify_rq1_conditional_supplement_20260911/sample_results.csv,FULL_INPUT,STEP1_VERIFIED_SAVED_EQUAL_TIME_FUTURES
C_HIST,Town01:junction:87,TOWN01_JUNCTION_87_UNIT01|CFG_EVIDENCE_INSUFFICIENT|DC-M1V3-OBS-T01-J87-A-20260804T063022Z|P2,0.03152440708942974,0.1,,TASK_EQUIVALENT,,False,reports/driveclarify_rq1_conditional_supplement_20260911/sample_results.csv,FULL_INPUT,STEP1_VERIFIED_SAVED_EQUAL_TIME_FUTURES
C_HIST,Town01:junction:87,TOWN01_JUNCTION_87_UNIT01|CFG_LONGER_VS_SHARPER|DC-M1V3-OBS-T01-J87-A-20260804T063022Z|P1,0.1251673174666355,0.1,TASK_EQUIVALENT,TASK_DIVERGENT,False,True,reports/driveclarify_rq1_conditional_supplement_20260911/sample_results.csv,FULL_INPUT,STEP1_VERIFIED_SAVED_EQUAL_TIME_FUTURES
C_HIST,Town01:junction:87,TOWN01_JUNCTION_87_UNIT01|CFG_LONGER_VS_SHARPER|DC-M1V3-OBS-T01-J87-A-20260804T063022Z|P2,0.03204200378028976,0.1,TASK_EQUIVALENT,TASK_EQUIVALENT,True,True,reports/driveclarify_rq1_conditional_supplement_20260911/sample_results.csv,FULL_INPUT,STEP1_VERIFIED_SAVED_EQUAL_TIME_FUTURES
C_HIST,Town01:junction:87,TOWN01_JUNCTION_87_UNIT01|CFG_LONGER_VS_STRAIGHTER|DC-M1V3-OBS-T01-J87-A-20260804T063022Z|P1,0.12506294155948436,0.1,TASK_DIVERGENT,TASK_DIVERGENT,True,True,reports/driveclarify_rq1_conditional_supplement_20260911/sample_results.csv,FULL_INPUT,STEP1_VERIFIED_SAVED_EQUAL_TIME_FUTURES
C_HIST,Town01:junction:87,TOWN01_JUNCTION_87_UNIT01|CFG_LONGER_VS_STRAIGHTER|DC-M1V3-OBS-T01-J87-A-20260804T063022Z|P2,0.06408400756057953,0.1,TASK_DIVERGENT,TASK_EQUIVALENT,False,True,reports/driveclarify_rq1_conditional_supplement_20260911/sample_results.csv,FULL_INPUT,STEP1_VERIFIED_SAVED_EQUAL_TIME_FUTURES
C_HIST,Town01:junction:87,TOWN01_JUNCTION_87_UNIT01|CFG_SAME_EXPRESSION|DC-M1V3-OBS-T01-J87-A-20260804T063022Z|P1,0.031253814464463396,0.1,TASK_EQUIVALENT,TASK_EQUIVALENT,True,True,reports/driveclarify_rq1_conditional_supplement_20260911/sample_results.csv,FULL_INPUT,STEP1_VERIFIED_SAVED_EQUAL_TIME_FUTURES
C_HIST,Town01:junction:87,TOWN01_JUNCTION_87_UNIT01|CFG_SAME_EXPRESSION|DC-M1V3-OBS-T01-J87-A-20260804T063022Z|P2,0.031253814464463396,0.1,TASK_EQUIVALENT,TASK_EQUIVALENT,True,True,reports/driveclarify_rq1_conditional_supplement_20260911/sample_results.csv,FULL_INPUT,STEP1_VERIFIED_SAVED_EQUAL_TIME_FUTURES
C_HIST,Town02:junction:76,TOWN02_JUNCTION_76_UNIT01|CFG_EVIDENCE_INSUFFICIENT|DC-M1V3-OBS-T02-J76-A-20260804T063016Z|P1,0.033964734595519866,0.1,,TASK_EQUIVALENT,,False,reports/driveclarify_rq1_conditional_supplement_20260911/sample_results.csv,FULL_INPUT,STEP1_VERIFIED_SAVED_EQUAL_TIME_FUTURES
C_HIST,Town02:junction:76,TOWN02_JUNCTION_76_UNIT01|CFG_EVIDENCE_INSUFFICIENT|DC-M1V3-OBS-T02-J76-A-20260804T063016Z|P2,0.06505878138107138,0.1,,TASK_EQUIVALENT,,False,reports/driveclarify_rq1_conditional_supplement_20260911/sample_results.csv,FULL_INPUT,STEP1_VERIFIED_SAVED_EQUAL_TIME_FUTURES
C_HIST,Town02:junction:76,TOWN02_JUNCTION_76_UNIT01|CFG_LONGER_VS_SHARPER|DC-M1V3-OBS-T02-J76-A-20260804T063016Z|P1,0.06277405734370389,0.1,TASK_EQUIVALENT,TASK_EQUIVALENT,True,True,reports/driveclarify_rq1_conditional_supplement_20260911/sample_results.csv,FULL_INPUT,STEP1_VERIFIED_SAVED_EQUAL_TIME_FUTURES
C_HIST,Town02:junction:76,TOWN02_JUNCTION_76_UNIT01|CFG_LONGER_VS_SHARPER|DC-M1V3-OBS-T02-J76-A-20260804T063016Z|P2,0.03132715237979358,0.1,TASK_EQUIVALENT,TASK_EQUIVALENT,True,True,reports/driveclarify_rq1_conditional_supplement_20260911/sample_results.csv,FULL_INPUT,STEP1_VERIFIED_SAVED_EQUAL_TIME_FUTURES
C_HIST,Town02:junction:76,TOWN02_JUNCTION_76_UNIT01|CFG_LONGER_VS_STRAIGHTER|DC-M1V3-OBS-T02-J76-A-20260804T063016Z|P1,0.03346151897487191,0.1,TASK_DIVERGENT,TASK_EQUIVALENT,False,True,reports/driveclarify_rq1_conditional_supplement_20260911/sample_results.csv,FULL_INPUT,STEP1_VERIFIED_SAVED_EQUAL_TIME_FUTURES
C_HIST,Town02:junction:76,TOWN02_JUNCTION_76_UNIT01|CFG_LONGER_VS_STRAIGHTER|DC-M1V3-OBS-T02-J76-A-20260804T063016Z|P2,0.03168776967612937,0.1,TASK_DIVERGENT,TASK_EQUIVALENT,False,True,reports/driveclarify_rq1_conditional_supplement_20260911/sample_results.csv,FULL_INPUT,STEP1_VERIFIED_SAVED_EQUAL_TIME_FUTURES
C_HIST,Town02:junction:76,TOWN02_JUNCTION_76_UNIT01|CFG_SAME_EXPRESSION|DC-M1V3-OBS-T02-J76-A-20260804T063016Z|P1,0.06287272891726513,0.1,TASK_EQUIVALENT,TASK_EQUIVALENT,True,True,reports/driveclarify_rq1_conditional_supplement_20260911/sample_results.csv,FULL_INPUT,STEP1_VERIFIED_SAVED_EQUAL_TIME_FUTURES
C_HIST,Town02:junction:76,TOWN02_JUNCTION_76_UNIT01|CFG_SAME_EXPRESSION|DC-M1V3-OBS-T02-J76-A-20260804T063016Z|P2,0.06287272891726513,0.1,TASK_EQUIVALENT,TASK_EQUIVALENT,True,True,reports/driveclarify_rq1_conditional_supplement_20260911/sample_results.csv,FULL_INPUT,STEP1_VERIFIED_SAVED_EQUAL_TIME_FUTURES
C_HIST,Town03:junction:576,TOWN03_JUNCTION_576_UNIT01|CFG_EVIDENCE_INSUFFICIENT|DC-M1V3-OBS-T03-J576-A-20260804T063002Z|P1,0.09383134491768995,0.1,,TASK_EQUIVALENT,,False,reports/driveclarify_rq1_conditional_supplement_20260911/sample_results.csv,FULL_INPUT,STEP1_VERIFIED_SAVED_EQUAL_TIME_FUTURES
C_HIST,Town03:junction:576,TOWN03_JUNCTION_576_UNIT01|CFG_EVIDENCE_INSUFFICIENT|DC-M1V3-OBS-T03-J576-A-20260804T063002Z|P2,0.09393292700321132,0.1,,TASK_EQUIVALENT,,False,reports/driveclarify_rq1_conditional_supplement_20260911/sample_results.csv,FULL_INPUT,STEP1_VERIFIED_SAVED_EQUAL_TIME_FUTURES
C_HIST,Town03:junction:576,TOWN03_JUNCTION_576_UNIT01|CFG_LONGER_VS_SHARPER|DC-M1V3-OBS-T03-J576-A-20260804T063002Z|P1,0.0781631376639752,0.1,TASK_DIVERGENT,TASK_EQUIVALENT,False,True,reports/driveclarify_rq1_conditional_supplement_20260911/sample_results.csv,FULL_INPUT,STEP1_VERIFIED_SAVED_EQUAL_TIME_FUTURES
C_HIST,Town03:junction:576,TOWN03_JUNCTION_576_UNIT01|CFG_LONGER_VS_SHARPER|DC-M1V3-OBS-T03-J576-A-20260804T063002Z|P2,0.0939646488838657,0.1,TASK_DIVERGENT,TASK_EQUIVALENT,False,True,reports/driveclarify_rq1_conditional_supplement_20260911/sample_results.csv,FULL_INPUT,STEP1_VERIFIED_SAVED_EQUAL_TIME_FUTURES
C_HIST,Town03:junction:576,TOWN03_JUNCTION_576_UNIT01|CFG_LONGER_VS_STRAIGHTER|DC-M1V3-OBS-T03-J576-A-20260804T063002Z|P1,0.0781631376639752,0.1,TASK_EQUIVALENT,TASK_EQUIVALENT,True,True,reports/driveclarify_rq1_conditional_supplement_20260911/sample_results.csv,FULL_INPUT,STEP1_VERIFIED_SAVED_EQUAL_TIME_FUTURES
C_HIST,Town03:junction:576,TOWN03_JUNCTION_576_UNIT01|CFG_LONGER_VS_STRAIGHTER|DC-M1V3-OBS-T03-J576-A-20260804T063002Z|P2,0.2656469896975608,0.1,TASK_EQUIVALENT,TASK_DIVERGENT,False,True,reports/driveclarify_rq1_conditional_supplement_20260911/sample_results.csv,FULL_INPUT,STEP1_VERIFIED_SAVED_EQUAL_TIME_FUTURES
C_HIST,Town03:junction:576,TOWN03_JUNCTION_576_UNIT01|CFG_SAME_EXPRESSION|DC-M1V3-OBS-T03-J576-A-20260804T063002Z|P1,0.04689788259838512,0.1,TASK_EQUIVALENT,TASK_EQUIVALENT,True,True,reports/driveclarify_rq1_conditional_supplement_20260911/sample_results.csv,FULL_INPUT,STEP1_VERIFIED_SAVED_EQUAL_TIME_FUTURES
C_HIST,Town03:junction:576,TOWN03_JUNCTION_576_UNIT01|CFG_SAME_EXPRESSION|DC-M1V3-OBS-T03-J576-A-20260804T063002Z|P2,0.04689788259838512,0.1,TASK_EQUIVALENT,TASK_EQUIVALENT,True,True,reports/driveclarify_rq1_conditional_supplement_20260911/sample_results.csv,FULL_INPUT,STEP1_VERIFIED_SAVED_EQUAL_TIME_FUTURES
C_HIST,Town03:junction:655,TOWN03_JUNCTION_655_UNIT01|CFG_EVIDENCE_INSUFFICIENT|DC-M1V3-OBS-T03-J655-A-20260804T063003Z|P1,0.0126953125,0.1,,TASK_EQUIVALENT,,False,reports/driveclarify_rq1_conditional_supplement_20260911/sample_results.csv,FULL_INPUT,STEP1_VERIFIED_SAVED_EQUAL_TIME_FUTURES
C_HIST,Town03:junction:655,TOWN03_JUNCTION_655_UNIT01|CFG_EVIDENCE_INSUFFICIENT|DC-M1V3-OBS-T03-J655-A-20260804T063003Z|P2,0.015781175290417167,0.1,,TASK_EQUIVALENT,,False,reports/driveclarify_rq1_conditional_supplement_20260911/sample_results.csv,FULL_INPUT,STEP1_VERIFIED_SAVED_EQUAL_TIME_FUTURES
C_HIST,Town03:junction:655,TOWN03_JUNCTION_655_UNIT01|CFG_LONGER_VS_SHARPER|DC-M1V3-OBS-T03-J655-A-20260804T063003Z|P1,0.017154245283780442,0.1,TASK_DIVERGENT,TASK_EQUIVALENT,False,True,reports/driveclarify_rq1_conditional_supplement_20260911/sample_results.csv,FULL_INPUT,STEP1_VERIFIED_SAVED_EQUAL_TIME_FUTURES
C_HIST,Town03:junction:655,TOWN03_JUNCTION_655_UNIT01|CFG_LONGER_VS_SHARPER|DC-M1V3-OBS-T03-J655-A-20260804T063003Z|P2,0.004171876828768325,0.1,TASK_DIVERGENT,TASK_EQUIVALENT,False,True,reports/driveclarify_rq1_conditional_supplement_20260911/sample_results.csv,FULL_INPUT,STEP1_VERIFIED_SAVED_EQUAL_TIME_FUTURES
C_HIST,Town03:junction:655,TOWN03_JUNCTION_655_UNIT01|CFG_LONGER_VS_STRAIGHTER|DC-M1V3-OBS-T03-J655-A-20260804T063003Z|P1,0.023619895746968406,0.1,TASK_EQUIVALENT,TASK_EQUIVALENT,True,True,reports/driveclarify_rq1_conditional_supplement_20260911/sample_results.csv,FULL_INPUT,STEP1_VERIFIED_SAVED_EQUAL_TIME_FUTURES
C_HIST,Town03:junction:655,TOWN03_JUNCTION_655_UNIT01|CFG_LONGER_VS_STRAIGHTER|DC-M1V3-OBS-T03-J655-A-20260804T063003Z|P2,0.05089614781040385,0.1,TASK_EQUIVALENT,TASK_EQUIVALENT,True,True,reports/driveclarify_rq1_conditional_supplement_20260911/sample_results.csv,FULL_INPUT,STEP1_VERIFIED_SAVED_EQUAL_TIME_FUTURES
C_HIST,Town03:junction:655,TOWN03_JUNCTION_655_UNIT01|CFG_SAME_EXPRESSION|DC-M1V3-OBS-T03-J655-A-20260804T063003Z|P1,0.007817326485349314,0.1,TASK_EQUIVALENT,TASK_EQUIVALENT,True,True,reports/driveclarify_rq1_conditional_supplement_20260911/sample_results.csv,FULL_INPUT,STEP1_VERIFIED_SAVED_EQUAL_TIME_FUTURES
C_HIST,Town03:junction:655,TOWN03_JUNCTION_655_UNIT01|CFG_SAME_EXPRESSION|DC-M1V3-OBS-T03-J655-A-20260804T063003Z|P2,0.007817326485349314,0.1,TASK_EQUIVALENT,TASK_EQUIVALENT,True,True,reports/driveclarify_rq1_conditional_supplement_20260911/sample_results.csv,FULL_INPUT,STEP1_VERIFIED_SAVED_EQUAL_TIME_FUTURES
C_HIST,Town04:junction:1103,TOWN04_JUNCTION_1103_UNIT01|CFG_EVIDENCE_INSUFFICIENT|DC-M1V3-OBS-T04-J1103-A-20260804T063006Z|P1,0.05860913392609513,0.1,,TASK_EQUIVALENT,,False,reports/driveclarify_rq1_conditional_supplement_20260911/sample_results.csv,FULL_INPUT,STEP1_VERIFIED_SAVED_EQUAL_TIME_FUTURES
C_HIST,Town04:junction:1103,TOWN04_JUNCTION_1103_UNIT01|CFG_EVIDENCE_INSUFFICIENT|DC-M1V3-OBS-T04-J1103-A-20260804T063006Z|P2,0.24225836916738425,0.1,,TASK_DIVERGENT,,False,reports/driveclarify_rq1_conditional_supplement_20260911/sample_results.csv,FULL_INPUT,STEP1_VERIFIED_SAVED_EQUAL_TIME_FUTURES
C_HIST,Town04:junction:1103,TOWN04_JUNCTION_1103_UNIT01|CFG_LONGER_VS_SHARPER|DC-M1V3-OBS-T04-J1103-A-20260804T063006Z|P1,0.07426732130338566,0.1,TASK_EQUIVALENT,TASK_EQUIVALENT,True,True,reports/driveclarify_rq1_conditional_supplement_20260911/sample_results.csv,FULL_INPUT,STEP1_VERIFIED_SAVED_EQUAL_TIME_FUTURES
C_HIST,Town04:junction:1103,TOWN04_JUNCTION_1103_UNIT01|CFG_LONGER_VS_SHARPER|DC-M1V3-OBS-T04-J1103-A-20260804T063006Z|P2,0.0937550861250546,0.1,TASK_EQUIVALENT,TASK_EQUIVALENT,True,True,reports/driveclarify_rq1_conditional_supplement_20260911/sample_results.csv,FULL_INPUT,STEP1_VERIFIED_SAVED_EQUAL_TIME_FUTURES
C_HIST,Town04:junction:1103,TOWN04_JUNCTION_1103_UNIT01|CFG_LONGER_VS_STRAIGHTER|DC-M1V3-OBS-T04-J1103-A-20260804T063006Z|P1,0.17970408487490633,0.1,TASK_DIVERGENT,TASK_DIVERGENT,True,True,reports/driveclarify_rq1_conditional_supplement_20260911/sample_results.csv,FULL_INPUT,STEP1_VERIFIED_SAVED_EQUAL_TIME_FUTURES
C_HIST,Town04:junction:1103,TOWN04_JUNCTION_1103_UNIT01|CFG_LONGER_VS_STRAIGHTER|DC-M1V3-OBS-T04-J1103-A-20260804T063006Z|P2,0.02344036084834755,0.1,TASK_DIVERGENT,TASK_EQUIVALENT,False,True,reports/driveclarify_rq1_conditional_supplement_20260911/sample_results.csv,FULL_INPUT,STEP1_VERIFIED_SAVED_EQUAL_TIME_FUTURES
C_HIST,Town04:junction:1103,TOWN04_JUNCTION_1103_UNIT01|CFG_SAME_EXPRESSION|DC-M1V3-OBS-T04-J1103-A-20260804T063006Z|P1,0.03125,0.1,TASK_EQUIVALENT,TASK_EQUIVALENT,True,True,reports/driveclarify_rq1_conditional_supplement_20260911/sample_results.csv,FULL_INPUT,STEP1_VERIFIED_SAVED_EQUAL_TIME_FUTURES
C_HIST,Town04:junction:1103,TOWN04_JUNCTION_1103_UNIT01|CFG_SAME_EXPRESSION|DC-M1V3-OBS-T04-J1103-A-20260804T063006Z|P2,0.03125,0.1,TASK_EQUIVALENT,TASK_EQUIVALENT,True,True,reports/driveclarify_rq1_conditional_supplement_20260911/sample_results.csv,FULL_INPUT,STEP1_VERIFIED_SAVED_EQUAL_TIME_FUTURES
C_HIST,Town05:junction:1126,TOWN05_JUNCTION_1126_UNIT01|CFG_EVIDENCE_INSUFFICIENT|DC-M1V3-OBS-T05-J1126-A-20260804T063008Z|P1,0.06392616092372165,0.1,,TASK_EQUIVALENT,,False,reports/driveclarify_rq1_conditional_supplement_20260911/sample_results.csv,FULL_INPUT,STEP1_VERIFIED_SAVED_EQUAL_TIME_FUTURES
C_HIST,Town05:junction:1126,TOWN05_JUNCTION_1126_UNIT01|CFG_EVIDENCE_INSUFFICIENT|DC-M1V3-OBS-T05-J1126-A-20260804T063008Z|P2,0.06466731691852853,0.1,,TASK_EQUIVALENT,,False,reports/driveclarify_rq1_conditional_supplement_20260911/sample_results.csv,FULL_INPUT,STEP1_VERIFIED_SAVED_EQUAL_TIME_FUTURES
C_HIST,Town05:junction:1126,TOWN05_JUNCTION_1126_UNIT01|CFG_LONGER_VS_SHARPER|DC-M1V3-OBS-T05-J1126-A-20260804T063008Z|P1,0.07870307674864668,0.1,TASK_EQUIVALENT,TASK_EQUIVALENT,True,True,reports/driveclarify_rq1_conditional_supplement_20260911/sample_results.csv,FULL_INPUT,STEP1_VERIFIED_SAVED_EQUAL_TIME_FUTURES
C_HIST,Town05:junction:1126,TOWN05_JUNCTION_1126_UNIT01|CFG_LONGER_VS_SHARPER|DC-M1V3-OBS-T05-J1126-A-20260804T063008Z|P2,0.09385294031039852,0.1,TASK_EQUIVALENT,TASK_EQUIVALENT,True,True,reports/driveclarify_rq1_conditional_supplement_20260911/sample_results.csv,FULL_INPUT,STEP1_VERIFIED_SAVED_EQUAL_TIME_FUTURES
C_HIST,Town05:junction:1126,TOWN05_JUNCTION_1126_UNIT01|CFG_LONGER_VS_STRAIGHTER|DC-M1V3-OBS-T05-J1126-A-20260804T063008Z|P1,0.17204155221524,0.1,TASK_DIVERGENT,TASK_DIVERGENT,True,True,reports/driveclarify_rq1_conditional_supplement_20260911/sample_results.csv,FULL_INPUT,STEP1_VERIFIED_SAVED_EQUAL_TIME_FUTURES
C_HIST,Town05:junction:1126,TOWN05_JUNCTION_1126_UNIT01|CFG_LONGER_VS_STRAIGHTER|DC-M1V3-OBS-T05-J1126-A-20260804T063008Z|P2,0.15637888361242436,0.1,TASK_DIVERGENT,TASK_DIVERGENT,True,True,reports/driveclarify_rq1_conditional_supplement_20260911/sample_results.csv,FULL_INPUT,STEP1_VERIFIED_SAVED_EQUAL_TIME_FUTURES
C_HIST,Town05:junction:1126,TOWN05_JUNCTION_1126_UNIT01|CFG_SAME_EXPRESSION|DC-M1V3-OBS-T05-J1126-A-20260804T063008Z|P1,0.03184046800825357,0.1,TASK_EQUIVALENT,TASK_EQUIVALENT,True,True,reports/driveclarify_rq1_conditional_supplement_20260911/sample_results.csv,FULL_INPUT,STEP1_VERIFIED_SAVED_EQUAL_TIME_FUTURES
C_HIST,Town05:junction:1126,TOWN05_JUNCTION_1126_UNIT01|CFG_SAME_EXPRESSION|DC-M1V3-OBS-T05-J1126-A-20260804T063008Z|P2,0.03184046800825357,0.1,TASK_EQUIVALENT,TASK_EQUIVALENT,True,True,reports/driveclarify_rq1_conditional_supplement_20260911/sample_results.csv,FULL_INPUT,STEP1_VERIFIED_SAVED_EQUAL_TIME_FUTURES
C_HIST,Town05:junction:1292,TOWN05_JUNCTION_1292_UNIT01|CFG_EVIDENCE_INSUFFICIENT|DC-M1V3-OBS-T05-J1292-A-20260804T063009Z|P1,0.09048366706951955,0.1,,TASK_EQUIVALENT,,False,reports/driveclarify_rq1_conditional_supplement_20260911/sample_results.csv,FULL_INPUT,STEP1_VERIFIED_SAVED_EQUAL_TIME_FUTURES
C_HIST,Town05:junction:1292,TOWN05_JUNCTION_1292_UNIT01|CFG_EVIDENCE_INSUFFICIENT|DC-M1V3-OBS-T05-J1292-A-20260804T063009Z|P2,0.0682197234241132,0.1,,TASK_EQUIVALENT,,False,reports/driveclarify_rq1_conditional_supplement_20260911/sample_results.csv,FULL_INPUT,STEP1_VERIFIED_SAVED_EQUAL_TIME_FUTURES
C_HIST,Town05:junction:1292,TOWN05_JUNCTION_1292_UNIT01|CFG_LONGER_VS_SHARPER|DC-M1V3-OBS-T05-J1292-A-20260804T063009Z|P1,0.06987712429686843,0.1,TASK_DIVERGENT,TASK_EQUIVALENT,False,True,reports/driveclarify_rq1_conditional_supplement_20260911/sample_results.csv,FULL_INPUT,STEP1_VERIFIED_SAVED_EQUAL_TIME_FUTURES
C_HIST,Town05:junction:1292,TOWN05_JUNCTION_1292_UNIT01|CFG_LONGER_VS_SHARPER|DC-M1V3-OBS-T05-J1292-A-20260804T063009Z|P2,0.06577857077753481,0.1,TASK_DIVERGENT,TASK_EQUIVALENT,False,True,reports/driveclarify_rq1_conditional_supplement_20260911/sample_results.csv,FULL_INPUT,STEP1_VERIFIED_SAVED_EQUAL_TIME_FUTURES
C_HIST,Town05:junction:1292,TOWN05_JUNCTION_1292_UNIT01|CFG_LONGER_VS_STRAIGHTER|DC-M1V3-OBS-T05-J1292-A-20260804T063009Z|P1,0.1913290062569027,0.1,TASK_EQUIVALENT,TASK_DIVERGENT,False,True,reports/driveclarify_rq1_conditional_supplement_20260911/sample_results.csv,FULL_INPUT,STEP1_VERIFIED_SAVED_EQUAL_TIME_FUTURES
C_HIST,Town05:junction:1292,TOWN05_JUNCTION_1292_UNIT01|CFG_LONGER_VS_STRAIGHTER|DC-M1V3-OBS-T05-J1292-A-20260804T063009Z|P2,0.07077215207809937,0.1,TASK_EQUIVALENT,TASK_EQUIVALENT,True,True,reports/driveclarify_rq1_conditional_supplement_20260911/sample_results.csv,FULL_INPUT,STEP1_VERIFIED_SAVED_EQUAL_TIME_FUTURES
C_HIST,Town05:junction:1292,TOWN05_JUNCTION_1292_UNIT01|CFG_SAME_EXPRESSION|DC-M1V3-OBS-T05-J1292-A-20260804T063009Z|P1,0.0166015625,0.1,TASK_EQUIVALENT,TASK_EQUIVALENT,True,True,reports/driveclarify_rq1_conditional_supplement_20260911/sample_results.csv,FULL_INPUT,STEP1_VERIFIED_SAVED_EQUAL_TIME_FUTURES
C_HIST,Town05:junction:1292,TOWN05_JUNCTION_1292_UNIT01|CFG_SAME_EXPRESSION|DC-M1V3-OBS-T05-J1292-A-20260804T063009Z|P2,0.0166015625,0.1,TASK_EQUIVALENT,TASK_EQUIVALENT,True,True,reports/driveclarify_rq1_conditional_supplement_20260911/sample_results.csv,FULL_INPUT,STEP1_VERIFIED_SAVED_EQUAL_TIME_FUTURES
C_HIST,Town05:junction:1882,TOWN05_JUNCTION_1882_UNIT01|CFG_EVIDENCE_INSUFFICIENT|DC-M1V3-OBS-T05-J1882-A-20260804T063011Z|P1,0.0037900817129541075,0.1,,TASK_EQUIVALENT,,False,reports/driveclarify_rq1_conditional_supplement_20260911/sample_results.csv,FULL_INPUT,STEP1_VERIFIED_SAVED_EQUAL_TIME_FUTURES
C_HIST,Town05:junction:1882,TOWN05_JUNCTION_1882_UNIT01|CFG_EVIDENCE_INSUFFICIENT|DC-M1V3-OBS-T05-J1882-A-20260804T063011Z|P2,0.009841623227903502,0.1,,TASK_EQUIVALENT,,False,reports/driveclarify_rq1_conditional_supplement_20260911/sample_results.csv,FULL_INPUT,STEP1_VERIFIED_SAVED_EQUAL_TIME_FUTURES
C_HIST,Town05:junction:1882,TOWN05_JUNCTION_1882_UNIT01|CFG_LONGER_VS_SHARPER|DC-M1V3-OBS-T05-J1882-A-20260804T063011Z|P1,0.008886852892188133,0.1,TASK_DIVERGENT,TASK_EQUIVALENT,False,True,reports/driveclarify_rq1_conditional_supplement_20260911/sample_results.csv,FULL_INPUT,STEP1_VERIFIED_SAVED_EQUAL_TIME_FUTURES
C_HIST,Town05:junction:1882,TOWN05_JUNCTION_1882_UNIT01|CFG_LONGER_VS_SHARPER|DC-M1V3-OBS-T05-J1882-A-20260804T063011Z|P2,0.013086028596931051,0.1,TASK_DIVERGENT,TASK_EQUIVALENT,False,True,reports/driveclarify_rq1_conditional_supplement_20260911/sample_results.csv,FULL_INPUT,STEP1_VERIFIED_SAVED_EQUAL_TIME_FUTURES
C_HIST,Town05:junction:1882,TOWN05_JUNCTION_1882_UNIT01|CFG_LONGER_VS_STRAIGHTER|DC-M1V3-OBS-T05-J1882-A-20260804T063011Z|P1,0.0045017306920375425,0.1,TASK_EQUIVALENT,TASK_EQUIVALENT,True,True,reports/driveclarify_rq1_conditional_supplement_20260911/sample_results.csv,FULL_INPUT,STEP1_VERIFIED_SAVED_EQUAL_TIME_FUTURES
C_HIST,Town05:junction:1882,TOWN05_JUNCTION_1882_UNIT01|CFG_LONGER_VS_STRAIGHTER|DC-M1V3-OBS-T05-J1882-A-20260804T063011Z|P2,0.008126619617721308,0.1,TASK_EQUIVALENT,TASK_EQUIVALENT,True,True,reports/driveclarify_rq1_conditional_supplement_20260911/sample_results.csv,FULL_INPUT,STEP1_VERIFIED_SAVED_EQUAL_TIME_FUTURES
C_HIST,Town05:junction:1882,TOWN05_JUNCTION_1882_UNIT01|CFG_SAME_EXPRESSION|DC-M1V3-OBS-T05-J1882-A-20260804T063011Z|P1,0.003797936813013683,0.1,TASK_EQUIVALENT,TASK_EQUIVALENT,True,True,reports/driveclarify_rq1_conditional_supplement_20260911/sample_results.csv,FULL_INPUT,STEP1_VERIFIED_SAVED_EQUAL_TIME_FUTURES
C_HIST,Town05:junction:1882,TOWN05_JUNCTION_1882_UNIT01|CFG_SAME_EXPRESSION|DC-M1V3-OBS-T05-J1882-A-20260804T063011Z|P2,0.003797936813013683,0.1,TASK_EQUIVALENT,TASK_EQUIVALENT,True,True,reports/driveclarify_rq1_conditional_supplement_20260911/sample_results.csv,FULL_INPUT,STEP1_VERIFIED_SAVED_EQUAL_TIME_FUTURES
C_HIST,Town05:junction:1930,TOWN05_JUNCTION_1930_UNIT01|CFG_EVIDENCE_INSUFFICIENT|DC-M1V3-OBS-T05-J1930-A-20260804T063012Z|P1,0.08304801416198945,0.1,,TASK_EQUIVALENT,,False,reports/driveclarify_rq1_conditional_supplement_20260911/sample_results.csv,FULL_INPUT,STEP1_VERIFIED_SAVED_EQUAL_TIME_FUTURES
C_HIST,Town05:junction:1930,TOWN05_JUNCTION_1930_UNIT01|CFG_EVIDENCE_INSUFFICIENT|DC-M1V3-OBS-T05-J1930-A-20260804T063012Z|P2,1.8949744266606223,0.1,,TASK_DIVERGENT,,False,reports/driveclarify_rq1_conditional_supplement_20260911/sample_results.csv,FULL_INPUT,STEP1_VERIFIED_SAVED_EQUAL_TIME_FUTURES
C_HIST,Town05:junction:1930,TOWN05_JUNCTION_1930_UNIT01|CFG_LONGER_VS_SHARPER|DC-M1V3-OBS-T05-J1930-A-20260804T063012Z|P1,0.13186486951055296,0.1,TASK_EQUIVALENT,TASK_DIVERGENT,False,True,reports/driveclarify_rq1_conditional_supplement_20260911/sample_results.csv,FULL_INPUT,STEP1_VERIFIED_SAVED_EQUAL_TIME_FUTURES
C_HIST,Town05:junction:1930,TOWN05_JUNCTION_1930_UNIT01|CFG_LONGER_VS_SHARPER|DC-M1V3-OBS-T05-J1930-A-20260804T063012Z|P2,0.13282686043686956,0.1,TASK_EQUIVALENT,TASK_DIVERGENT,False,True,reports/driveclarify_rq1_conditional_supplement_20260911/sample_results.csv,FULL_INPUT,STEP1_VERIFIED_SAVED_EQUAL_TIME_FUTURES
C_HIST,Town05:junction:1930,TOWN05_JUNCTION_1930_UNIT01|CFG_LONGER_VS_STRAIGHTER|DC-M1V3-OBS-T05-J1930-A-20260804T063012Z|P1,0.07640314450808067,0.1,TASK_DIVERGENT,TASK_EQUIVALENT,False,True,reports/driveclarify_rq1_conditional_supplement_20260911/sample_results.csv,FULL_INPUT,STEP1_VERIFIED_SAVED_EQUAL_TIME_FUTURES
C_HIST,Town05:junction:1930,TOWN05_JUNCTION_1930_UNIT01|CFG_LONGER_VS_STRAIGHTER|DC-M1V3-OBS-T05-J1930-A-20260804T063012Z|P2,0.09425725400010668,0.1,TASK_DIVERGENT,TASK_EQUIVALENT,False,True,reports/driveclarify_rq1_conditional_supplement_20260911/sample_results.csv,FULL_INPUT,STEP1_VERIFIED_SAVED_EQUAL_TIME_FUTURES
C_HIST,Town05:junction:1930,TOWN05_JUNCTION_1930_UNIT01|CFG_SAME_EXPRESSION|DC-M1V3-OBS-T05-J1930-A-20260804T063012Z|P1,0.12717828590702895,0.1,TASK_EQUIVALENT,TASK_DIVERGENT,False,True,reports/driveclarify_rq1_conditional_supplement_20260911/sample_results.csv,FULL_INPUT,STEP1_VERIFIED_SAVED_EQUAL_TIME_FUTURES
C_HIST,Town05:junction:1930,TOWN05_JUNCTION_1930_UNIT01|CFG_SAME_EXPRESSION|DC-M1V3-OBS-T05-J1930-A-20260804T063012Z|P2,0.12717828590702895,0.1,TASK_EQUIVALENT,TASK_DIVERGENT,False,True,reports/driveclarify_rq1_conditional_supplement_20260911/sample_results.csv,FULL_INPUT,STEP1_VERIFIED_SAVED_EQUAL_TIME_FUTURES
C_HIST,Town06:junction:838,TOWN06_JUNCTION_838_UNIT01|CFG_EVIDENCE_INSUFFICIENT|DC-M1V3-OBS-T06-J838-A-20260804T063014Z|P1,0.06358914295351448,0.1,,TASK_EQUIVALENT,,False,reports/driveclarify_rq1_conditional_supplement_20260911/sample_results.csv,FULL_INPUT,STEP1_VERIFIED_SAVED_EQUAL_TIME_FUTURES
C_HIST,Town06:junction:838,TOWN06_JUNCTION_838_UNIT01|CFG_EVIDENCE_INSUFFICIENT|DC-M1V3-OBS-T06-J838-A-20260804T063014Z|P2,0.0631149555939708,0.1,,TASK_EQUIVALENT,,False,reports/driveclarify_rq1_conditional_supplement_20260911/sample_results.csv,FULL_INPUT,STEP1_VERIFIED_SAVED_EQUAL_TIME_FUTURES
C_HIST,Town06:junction:838,TOWN06_JUNCTION_838_UNIT01|CFG_LONGER_VS_SHARPER|DC-M1V3-OBS-T06-J838-A-20260804T063014Z|P1,0.06397788810218437,0.1,TASK_DIVERGENT,TASK_EQUIVALENT,False,True,reports/driveclarify_rq1_conditional_supplement_20260911/sample_results.csv,FULL_INPUT,STEP1_VERIFIED_SAVED_EQUAL_TIME_FUTURES
C_HIST,Town06:junction:838,TOWN06_JUNCTION_838_UNIT01|CFG_LONGER_VS_SHARPER|DC-M1V3-OBS-T06-J838-A-20260804T063014Z|P2,0.0324624416769427,0.1,TASK_DIVERGENT,TASK_EQUIVALENT,False,True,reports/driveclarify_rq1_conditional_supplement_20260911/sample_results.csv,FULL_INPUT,STEP1_VERIFIED_SAVED_EQUAL_TIME_FUTURES
C_HIST,Town06:junction:838,TOWN06_JUNCTION_838_UNIT01|CFG_LONGER_VS_STRAIGHTER|DC-M1V3-OBS-T06-J838-A-20260804T063014Z|P1,0.12506102026236032,0.1,TASK_EQUIVALENT,TASK_DIVERGENT,False,True,reports/driveclarify_rq1_conditional_supplement_20260911/sample_results.csv,FULL_INPUT,STEP1_VERIFIED_SAVED_EQUAL_TIME_FUTURES
C_HIST,Town06:junction:838,TOWN06_JUNCTION_838_UNIT01|CFG_LONGER_VS_STRAIGHTER|DC-M1V3-OBS-T06-J838-A-20260804T063014Z|P2,0.015625,0.1,TASK_EQUIVALENT,TASK_EQUIVALENT,True,True,reports/driveclarify_rq1_conditional_supplement_20260911/sample_results.csv,FULL_INPUT,STEP1_VERIFIED_SAVED_EQUAL_TIME_FUTURES
C_HIST,Town06:junction:838,TOWN06_JUNCTION_838_UNIT01|CFG_SAME_EXPRESSION|DC-M1V3-OBS-T06-J838-A-20260804T063014Z|P1,0.06287272891726513,0.1,TASK_EQUIVALENT,TASK_EQUIVALENT,True,True,reports/driveclarify_rq1_conditional_supplement_20260911/sample_results.csv,FULL_INPUT,STEP1_VERIFIED_SAVED_EQUAL_TIME_FUTURES
C_HIST,Town06:junction:838,TOWN06_JUNCTION_838_UNIT01|CFG_SAME_EXPRESSION|DC-M1V3-OBS-T06-J838-A-20260804T063014Z|P2,0.06287272891726513,0.1,TASK_EQUIVALENT,TASK_EQUIVALENT,True,True,reports/driveclarify_rq1_conditional_supplement_20260911/sample_results.csv,FULL_INPUT,STEP1_VERIFIED_SAVED_EQUAL_TIME_FUTURES
C_HIST,Town07:junction:358,TOWN07_JUNCTION_358_UNIT01|CFG_EVIDENCE_INSUFFICIENT|DC-M1V3-OBS-T07-J358-A-20260804T063018Z|P1,0.12717828590702895,0.1,,TASK_DIVERGENT,,False,reports/driveclarify_rq1_conditional_supplement_20260911/sample_results.csv,FULL_INPUT,STEP1_VERIFIED_SAVED_EQUAL_TIME_FUTURES
C_HIST,Town07:junction:358,TOWN07_JUNCTION_358_UNIT01|CFG_EVIDENCE_INSUFFICIENT|DC-M1V3-OBS-T07-J358-A-20260804T063018Z|P2,0.1660960283239789,0.1,,TASK_DIVERGENT,,False,reports/driveclarify_rq1_conditional_supplement_20260911/sample_results.csv,FULL_INPUT,STEP1_VERIFIED_SAVED_EQUAL_TIME_FUTURES
C_HIST,Town07:junction:358,TOWN07_JUNCTION_358_UNIT01|CFG_LONGER_VS_SHARPER|DC-M1V3-OBS-T07-J358-A-20260804T063018Z|P1,0.19152579175205098,0.1,TASK_DIVERGENT,TASK_DIVERGENT,True,True,reports/driveclarify_rq1_conditional_supplement_20260911/sample_results.csv,FULL_INPUT,STEP1_VERIFIED_SAVED_EQUAL_TIME_FUTURES
C_HIST,Town07:junction:358,TOWN07_JUNCTION_358_UNIT01|CFG_LONGER_VS_SHARPER|DC-M1V3-OBS-T07-J358-A-20260804T063018Z|P2,0.2050688241938545,0.1,TASK_DIVERGENT,TASK_DIVERGENT,True,True,reports/driveclarify_rq1_conditional_supplement_20260911/sample_results.csv,FULL_INPUT,STEP1_VERIFIED_SAVED_EQUAL_TIME_FUTURES
C_HIST,Town07:junction:358,TOWN07_JUNCTION_358_UNIT01|CFG_LONGER_VS_STRAIGHTER|DC-M1V3-OBS-T07-J358-A-20260804T063018Z|P1,0.1767766952966369,0.1,TASK_EQUIVALENT,TASK_DIVERGENT,False,True,reports/driveclarify_rq1_conditional_supplement_20260911/sample_results.csv,FULL_INPUT,STEP1_VERIFIED_SAVED_EQUAL_TIME_FUTURES
C_HIST,Town07:junction:358,TOWN07_JUNCTION_358_UNIT01|CFG_LONGER_VS_STRAIGHTER|DC-M1V3-OBS-T07-J358-A-20260804T063018Z|P2,0.24256522962906288,0.1,TASK_EQUIVALENT,TASK_DIVERGENT,False,True,reports/driveclarify_rq1_conditional_supplement_20260911/sample_results.csv,FULL_INPUT,STEP1_VERIFIED_SAVED_EQUAL_TIME_FUTURES
C_HIST,Town07:junction:358,TOWN07_JUNCTION_358_UNIT01|CFG_SAME_EXPRESSION|DC-M1V3-OBS-T07-J358-A-20260804T063018Z|P1,0.12524390267094843,0.1,TASK_EQUIVALENT,TASK_DIVERGENT,False,True,reports/driveclarify_rq1_conditional_supplement_20260911/sample_results.csv,FULL_INPUT,STEP1_VERIFIED_SAVED_EQUAL_TIME_FUTURES
C_HIST,Town07:junction:358,TOWN07_JUNCTION_358_UNIT01|CFG_SAME_EXPRESSION|DC-M1V3-OBS-T07-J358-A-20260804T063018Z|P2,0.12524390267094843,0.1,TASK_EQUIVALENT,TASK_DIVERGENT,False,True,reports/driveclarify_rq1_conditional_supplement_20260911/sample_results.csv,FULL_INPUT,STEP1_VERIFIED_SAVED_EQUAL_TIME_FUTURES
C_HIST,Town07:junction:605,TOWN07_JUNCTION_605_UNIT01|CFG_EVIDENCE_INSUFFICIENT|DC-M1V3-OBS-T07-J605-A-20260804T063019Z|P1,0.03149319432929121,0.1,,TASK_EQUIVALENT,,False,reports/driveclarify_rq1_conditional_supplement_20260911/sample_results.csv,FULL_INPUT,STEP1_VERIFIED_SAVED_EQUAL_TIME_FUTURES
C_HIST,Town07:junction:605,TOWN07_JUNCTION_605_UNIT01|CFG_EVIDENCE_INSUFFICIENT|DC-M1V3-OBS-T07-J605-A-20260804T063019Z|P2,0.18759153039354048,0.1,,TASK_DIVERGENT,,False,reports/driveclarify_rq1_conditional_supplement_20260911/sample_results.csv,FULL_INPUT,STEP1_VERIFIED_SAVED_EQUAL_TIME_FUTURES
C_HIST,Town07:junction:605,TOWN07_JUNCTION_605_UNIT01|CFG_LONGER_VS_SHARPER|DC-M1V3-OBS-T07-J605-A-20260804T063019Z|P1,0.048563737340454514,0.1,TASK_EQUIVALENT,TASK_EQUIVALENT,True,True,reports/driveclarify_rq1_conditional_supplement_20260911/sample_results.csv,FULL_INPUT,STEP1_VERIFIED_SAVED_EQUAL_TIME_FUTURES
C_HIST,Town07:junction:605,TOWN07_JUNCTION_605_UNIT01|CFG_LONGER_VS_SHARPER|DC-M1V3-OBS-T07-J605-A-20260804T063019Z|P2,0.031310975667737106,0.1,TASK_EQUIVALENT,TASK_EQUIVALENT,True,True,reports/driveclarify_rq1_conditional_supplement_20260911/sample_results.csv,FULL_INPUT,STEP1_VERIFIED_SAVED_EQUAL_TIME_FUTURES
C_HIST,Town07:junction:605,TOWN07_JUNCTION_605_UNIT01|CFG_LONGER_VS_STRAIGHTER|DC-M1V3-OBS-T07-J605-A-20260804T063019Z|P1,0.031310975667737106,0.1,TASK_DIVERGENT,TASK_EQUIVALENT,False,True,reports/driveclarify_rq1_conditional_supplement_20260911/sample_results.csv,FULL_INPUT,STEP1_VERIFIED_SAVED_EQUAL_TIME_FUTURES
C_HIST,Town07:junction:605,TOWN07_JUNCTION_605_UNIT01|CFG_LONGER_VS_STRAIGHTER|DC-M1V3-OBS-T07-J605-A-20260804T063019Z|P2,0.031310975667737106,0.1,TASK_DIVERGENT,TASK_EQUIVALENT,False,True,reports/driveclarify_rq1_conditional_supplement_20260911/sample_results.csv,FULL_INPUT,STEP1_VERIFIED_SAVED_EQUAL_TIME_FUTURES
C_HIST,Town07:junction:605,TOWN07_JUNCTION_605_UNIT01|CFG_SAME_EXPRESSION|DC-M1V3-OBS-T07-J605-A-20260804T063019Z|P1,0.031988944051092184,0.1,TASK_EQUIVALENT,TASK_EQUIVALENT,True,True,reports/driveclarify_rq1_conditional_supplement_20260911/sample_results.csv,FULL_INPUT,STEP1_VERIFIED_SAVED_EQUAL_TIME_FUTURES
C_HIST,Town07:junction:605,TOWN07_JUNCTION_605_UNIT01|CFG_SAME_EXPRESSION|DC-M1V3-OBS-T07-J605-A-20260804T063019Z|P2,0.031988944051092184,0.1,TASK_EQUIVALENT,TASK_EQUIVALENT,True,True,reports/driveclarify_rq1_conditional_supplement_20260911/sample_results.csv,FULL_INPUT,STEP1_VERIFIED_SAVED_EQUAL_TIME_FUTURES
