pair_id,condition,level,seed,true_intent_evaluation_only,TCSC_evaluable,A0_TCSC,A0_correct_goal,A0_wrong_goal,A0_native_completion,A0_safe_completion,A0_official_success,A0_Driving_Score,A0_Route_Completion,A0_infraction_penalty,A0_Driving_Efficiency,A0_Driving_Smoothness,A0_collision,A0_collision_event_count,A0_outside_route_lanes_union_count,A0_route_deviation,A0_red_light,A0_stop_sign,A0_route_timeout,A0_scenario_timeouts,A0_vehicle_blocked,A0_ASK_count,A0_WAIT_ticks,A0_Full_Replan_committed,A0_unnecessary_ASK,A0_direct_control_intervention_ticks,A1_TCSC,A1_correct_goal,A1_wrong_goal,A1_native_completion,A1_safe_completion,A1_official_success,A1_Driving_Score,A1_Route_Completion,A1_infraction_penalty,A1_Driving_Efficiency,A1_Driving_Smoothness,A1_collision,A1_collision_event_count,A1_outside_route_lanes_union_count,A1_route_deviation,A1_red_light,A1_stop_sign,A1_route_timeout,A1_scenario_timeouts,A1_vehicle_blocked,A1_ASK_count,A1_WAIT_ticks,A1_Full_Replan_committed,A1_unnecessary_ASK,A1_direct_control_intervention_ticks
V2-P01-REF-C,REF-C,HIGH,1615677576,A,True,0,0,0,1,0,1,30.38038,100,0.303804,72.88,0.35294117647058826,1,2,0,0,0,0,0,0,0,0,0,0,0,0,0,0,0,1,0,1,16.69353,100,0.166935,64.51666666666667,0.17647058823529413,1,3,0,0,0,0,0,0,0,1,0,1,0,0
V2-P02-LMK-C,LMK-C,HIGH,1654585526,B,True,0,0,0,1,0,1,27.087653,100,0.270877,55.81,0.5294117647058824,1,2,0,0,0,0,0,0,0,0,0,0,0,0,0,0,0,1,0,1,18.398773,100,0.183988,62.24,0.29411764705882354,1,3,0,0,0,0,0,0,0,1,0,1,0,0
V2-P03-ORD-C,ORD-C,HIGH,1998590029,B,True,0,0,0,1,0,1,28.221441,100,0.282214,74.09666666666665,0.125,1,2,0,0,0,0,0,0,0,0,0,0,0,0,0,0,0,1,0,1,26.981814,100,0.269818,76.8875,0.0,1,2,0,0,0,0,0,0,0,1,0,1,0,0
V2-P04-USC-C,USC-C,HIGH,1346632699,A,True,0,0,0,1,0,1,27.887905,100,0.278879,60.05,0.5,1,2,0,0,0,0,0,0,0,0,0,0,0,0,0,0,0,1,0,1,19.945075,100,0.199451,74.41,0.4117647058823529,1,3,0,0,0,0,0,0,0,1,0,1,0,0
V2-P05-REF-E,REF-E,LOW,1894891587,A,True,0,0,0,1,0,1,15.988155,100,0.159882,80.82,0.375,1,3,0,0,0,0,0,0,0,0,0,0,0,0,0,0,0,1,0,1,32.231281,100,0.322313,82.07,0.35294117647058826,1,2,0,0,0,0,0,0,0,0,0,1,0,0
V2-P06-LMK-E,LMK-E,LOW,1761250375,B,True,0,0,0,1,0,1,8.173017,100,0.08173,56.64,0.47058823529411764,1,4,0,0,0,0,0,0,0,0,0,0,0,0,0,0,0,1,0,1,8.671961,100,0.08672,65.36,0.4117647058823529,1,4,0,0,0,0,0,0,0,0,0,1,0,0
V2-P07-ORD-E,ORD-E,LOW,1211873472,B,True,0,0,0,1,0,1,20.007543,100,0.200075,83.08999999999999,0.23529411764705882,1,3,0,0,0,0,0,0,0,0,0,0,0,0,0,0,0,1,0,1,6.727678,100,0.067277,64.6325,0.44339622641509435,1,4,0,0,0,0,0,0,0,0,0,1,0,0
V2-P08-REF-C,REF-C,HIGH,1449654445,B,True,0,0,0,1,0,1,27.648878,100,0.276489,58.79,0.35294117647058826,1,2,0,0,0,0,0,0,0,0,0,0,0,0,0,0,0,1,0,1,19.055645,100,0.190556,67.47,0.3125,1,3,0,0,0,0,0,0,0,1,0,1,0,0
V2-P09-LMK-C,LMK-C,HIGH,1980579268,B,True,0,0,0,1,0,1,28.198649,100,0.281986,61.68,0.375,1,2,0,0,0,0,0,0,0,0,0,0,0,0,0,0,0,1,0,1,11.078889,100,0.110789,62.77,0.4117647058823529,1,4,0,0,0,0,0,0,0,1,0,1,0,0
V2-P10-ORD-C,ORD-C,HIGH,1667958944,A,True,0,0,0,1,0,1,27.114275,100,0.271143,70.17999999999999,0.11764705882352941,1,2,0,0,0,0,0,0,0,0,0,0,0,0,0,0,0,1,1,1,66.178045,100,0.66178,68.575,0.5789473684210527,0,0,0,0,0,0,0,0,0,1,0,1,0,0
V2-P11-USC-C,USC-C,HIGH,1940217405,A,True,0,0,0,1,0,1,30.930505,100,0.309305,75.64,0.4117647058823529,1,2,0,0,0,0,0,0,0,0,0,0,0,0,0,0,0,1,0,1,10.967675,100,0.109677,73.31,0.1875,1,4,0,0,0,0,0,0,0,1,0,1,0,0
V2-P12-REF-E,REF-E,LOW,1460713948,B,True,0,0,0,1,0,1,9.209538,100,0.092095,76.75,0.05555555555555555,1,4,1,0,0,0,0,0,0,0,0,0,0,0,0,0,0,1,0,1,28.369046,100,0.28369,62.57,0.29411764705882354,1,2,0,0,0,0,0,0,0,0,0,1,0,0
V2-P13-LMK-E,LMK-E,LOW,1828970835,B,True,0,0,0,1,0,1,15.242819,100,0.152428,73.41,0.4117647058823529,1,3,0,0,0,0,0,0,0,0,0,0,0,0,0,0,0,1,0,1,15.489287,100,0.154893,75.88,0.29411764705882354,1,3,0,0,0,0,0,0,0,0,0,1,0,0
V2-P14-ORD-E,ORD-E,LOW,1652859200,A,True,0,0,0,1,0,1,18.084978,100,0.18085,80.94,0.17647058823529413,1,3,0,0,0,0,0,0,0,0,0,0,0,0,0,0,0,0,0,0,16.511835,57.15,0.288921,87.69,0.4732824427480916,1,2,0,0,0,0,0,0,1,0,0,1,0,0
V2-P15-REF-C,REF-C,HIGH,1612047554,B,True,0,0,0,1,0,1,28.920088,100,0.289201,65.43,0.47058823529411764,1,2,0,0,0,0,0,0,0,0,0,0,0,0,0,0,0,1,0,1,27.673492,100,0.276735,58.92,0.29411764705882354,1,2,0,0,0,0,0,0,0,1,0,1,0,0
V2-P16-LMK-C,LMK-C,HIGH,1040611794,A,True,0,0,0,1,0,1,28.367128,100,0.283671,62.56,0.35294117647058826,1,2,0,0,0,0,0,0,0,0,0,0,0,0,0,0,0,1,0,1,27.863196,100,0.278632,59.92,0.35294117647058826,1,2,0,0,0,0,0,0,0,1,0,1,0,0
V2-P17-ORD-C,ORD-C,HIGH,1669306617,A,True,0,0,0,1,0,1,27.323609,100,0.273236,70.87666666666667,0.11764705882352941,1,2,0,0,0,0,0,0,0,0,0,0,0,0,0,0,0,1,0,1,28.021777,100,0.280218,79.8,0.058823529411764705,1,2,0,0,0,0,0,0,0,1,0,1,0,0
V2-P18-USC-C,USC-C,HIGH,1204762510,B,True,0,0,0,1,0,1,29.953291,100,0.299533,70.72,0.35294117647058826,1,2,0,0,0,0,0,0,0,0,0,0,0,0,0,0,0,1,0,1,20.634029,100,0.20634,79.68,0.375,1,3,0,0,0,0,0,0,0,1,0,1,0,0
V2-P19-REF-E,REF-E,LOW,1313985055,B,True,0,0,0,1,0,1,31.201385,100,0.312014,76.99,0.29411764705882354,1,2,0,0,0,0,0,0,0,0,0,0,0,0,0,0,0,1,0,1,31.689919,100,0.316899,79.41,0.35294117647058826,1,2,0,0,0,0,0,0,0,0,0,1,0,0
V2-P20-LMK-E,LMK-E,LOW,1600782996,A,False,,,,,,,,,,,,,,,,,,,,,0,0,0,0,0,0,0,0,1,0,1,15.924095,100,0.159241,80.19,0.375,1,3,0,0,0,0,0,0,0,0,0,1,0,0
V2-P21-ORD-E,ORD-E,LOW,1592836424,A,True,0,0,0,1,0,1,7.732333,100,0.077323,74.0025,0.47368421052631576,1,4,0,0,0,0,0,0,0,0,0,0,0,0,0,0,0,1,0,1,4.466502,100,0.044665,65.2525,0.41025641025641024,1,5,0,0,0,0,0,0,0,0,0,1,0,0
V2-P22-REF-C,REF-C,HIGH,1614820473,A,True,0,0,0,1,0,1,28.426598,100,0.284266,62.87,0.29411764705882354,1,2,0,0,0,0,0,0,0,0,0,0,0,0,0,0,0,1,0,1,16.291051,100,0.162911,62.10999999999999,0.11764705882352941,1,3,0,0,0,0,0,0,0,1,0,1,0,0
V2-P23-LMK-C,LMK-C,HIGH,1631905364,A,True,0,0,0,1,0,1,29.447119,100,0.294471,68.14,0.4117647058823529,1,2,0,0,0,0,0,0,0,0,0,0,0,0,0,0,0,1,0,1,18.724451,100,0.187245,77.02,0.4117647058823529,1,3,0,0,0,0,0,0,0,1,0,1,0,0
V2-P24-ORD-C,ORD-C,HIGH,1396395388,B,True,0,0,0,1,0,1,26.226614,100,0.262266,66.72666666666667,0.11764705882352941,1,2,0,0,0,0,0,0,0,0,0,0,0,0,0,0,0,1,0,1,46.975767,100,0.469758,80.26499999999999,0.0,1,1,0,0,0,0,0,0,0,1,0,1,0,0
V2-P25-USC-C,USC-C,HIGH,1992374080,A,True,0,0,0,1,0,1,29.723214,100,0.297232,69.55,0.47058823529411764,1,2,0,0,0,0,0,0,0,0,0,0,0,0,0,0,0,1,0,1,20.37643,100,0.203764,77.72,0.29411764705882354,1,3,0,0,0,0,0,0,0,1,0,1,0,0
V2-P26-REF-E,REF-E,LOW,1639778185,A,True,0,0,0,1,0,1,15.813563,100,0.158136,79.1,0.35294117647058826,1,3,0,0,0,0,0,0,0,0,0,0,0,0,0,0,0,1,0,1,9.440612,100,0.094406,77.05333333333333,0.17647058823529413,1,4,0,0,0,0,0,0,0,0,0,1,0,0
V2-P27-LMK-E,LMK-E,LOW,1950552197,A,True,0,0,0,1,0,1,13.704497,100,0.137045,57.52,0.47058823529411764,1,3,0,0,0,0,0,0,0,0,0,0,0,0,0,0,0,1,0,1,8.502662,100,0.085027,62.43,0.47058823529411764,1,4,0,0,0,0,0,0,0,0,0,1,0,0
V2-P28-ORD-E,ORD-E,LOW,1155759702,B,True,0,0,0,1,0,1,17.553888,100,0.175539,37.56,0.047619047619047616,1,3,0,0,0,0,0,0,0,0,0,0,0,0,0,0,0,1,0,1,7.338538,100,0.073385,71.4225,0.20967741935483872,1,4,0,0,0,0,0,0,0,0,0,1,0,0
V2-P29-REF-C,REF-C,HIGH,1716730436,A,True,0,0,0,1,0,1,27.382614,100,0.273826,57.38,0.35294117647058826,1,2,0,0,0,0,0,0,0,0,0,0,0,0,0,0,0,1,0,1,11.165949,100,0.111659,67.39,0.17647058823529413,1,4,0,0,0,0,0,0,0,1,0,1,0,0
V2-P30-LMK-C,LMK-C,HIGH,1663769621,B,True,0,0,0,1,0,1,16.410359,100,0.164104,57.21,0.47058823529411764,1,3,0,0,0,0,0,0,0,0,0,0,0,0,0,0,0,1,0,1,30.314163,100,0.303142,81.60333333333334,0.4117647058823529,1,2,0,0,0,0,0,0,0,1,0,1,0,0
V2-P31-ORD-C,ORD-C,HIGH,1923872900,A,True,0,0,0,1,0,1,27.91773,100,0.279177,73.09666666666668,0.11764705882352941,1,2,0,0,0,0,0,0,0,0,0,0,0,0,0,0,0,1,0,1,29.084745,100,0.290847,57.464999999999996,0.41025641025641024,1,2,0,0,0,0,0,0,0,1,0,1,0,0
V2-P32-USC-C,USC-C,HIGH,1254168894,B,True,0,0,0,1,0,1,16.591598,100,0.165916,58.81,0.5,1,3,0,0,0,0,0,0,0,0,0,0,0,0,0,0,0,1,0,1,29.302734,100,0.293027,67.4,0.4117647058823529,1,2,0,0,0,0,0,0,0,1,0,1,0,0
V2-P33-REF-C,REF-C,HIGH,1582136125,B,True,0,0,0,1,0,1,28.141327,100,0.281413,61.38,0.35294117647058826,1,2,0,0,0,0,0,0,0,0,0,0,0,0,0,0,0,1,0,1,28.208208,100,0.282082,61.73,0.23529411764705882,1,2,0,0,0,0,0,0,0,1,0,1,0,0
V2-P34-LMK-C,LMK-C,HIGH,1799200747,A,True,0,0,0,1,0,1,16.605231,100,0.166052,58.93,0.47058823529411764,1,3,0,0,0,0,0,0,0,0,0,0,0,0,0,0,0,1,0,1,18.782415,100,0.187824,77.5,0.35294117647058826,1,3,0,0,0,0,0,0,0,1,0,1,0,0
V2-P35-ORD-C,ORD-C,HIGH,1932739677,B,True,0,0,0,1,0,1,27.570212,100,0.275702,71.91666666666667,0.11764705882352941,1,2,0,0,0,0,0,0,0,0,0,0,0,0,0,0,0,1,0,1,27.951095,100,0.279511,79.57000000000001,0.0,1,2,0,0,0,0,0,0,0,1,0,1,0,0
V2-P36-USC-C,USC-C,HIGH,1557361915,B,True,0,0,0,1,0,1,16.197553,100,0.161976,55.32,0.4117647058823529,1,3,0,0,0,0,0,0,0,0,0,0,0,0,0,0,0,1,0,1,27.352482,100,0.273525,57.22,0.35294117647058826,1,2,0,0,0,0,0,0,0,1,0,1,0,0
