public_id,policy,truth_relation,action,weight_exact,selected_candidate_if_direct,correct_exact,wrong_exact,low_correct_direct_event,historical_source_policy
PUBLIC_aaf625b720fd9db210114b6a,Never Clarify,TASK_EQUIVALENT,ACT,1,K1,1,0,1,NO_CLARIFICATION
PUBLIC_aaf625b720fd9db210114b6a,Always Clarify,TASK_EQUIVALENT,ASK,1,,1,0,0,IMMEDIATE_QUERY
PUBLIC_aaf625b720fd9db210114b6a,Ambiguity-Only,TASK_EQUIVALENT,ASK,1,,1,0,0,IMMEDIATE_QUERY
PUBLIC_aaf625b720fd9db210114b6a,Trajectory-Distance,TASK_EQUIVALENT,ACT,1,K1,1,0,1,NO_CLARIFICATION
PUBLIC_aaf625b720fd9db210114b6a,Random-Query@matched-rate,TASK_EQUIVALENT,ACT,2/3,K1,1,0,1,NO_CLARIFICATION
PUBLIC_aaf625b720fd9db210114b6a,Random-Query@matched-rate,TASK_EQUIVALENT,ASK,1/3,,1,0,0,IMMEDIATE_QUERY
PUBLIC_aaf625b720fd9db210114b6a,DriveClarify,TASK_EQUIVALENT,ACT,1,K1,1,0,1,NO_CLARIFICATION
PUBLIC_7dd2ae92a022bba33d273c6d,Never Clarify,TASK_EQUIVALENT,ACT,1,K1,1,0,1,NO_CLARIFICATION
PUBLIC_7dd2ae92a022bba33d273c6d,Always Clarify,TASK_EQUIVALENT,ASK,1,,1,0,0,IMMEDIATE_QUERY
PUBLIC_7dd2ae92a022bba33d273c6d,Ambiguity-Only,TASK_EQUIVALENT,ASK,1,,1,0,0,IMMEDIATE_QUERY
PUBLIC_7dd2ae92a022bba33d273c6d,Trajectory-Distance,TASK_EQUIVALENT,ACT,1,K1,1,0,1,NO_CLARIFICATION
PUBLIC_7dd2ae92a022bba33d273c6d,Random-Query@matched-rate,TASK_EQUIVALENT,ACT,2/3,K1,1,0,1,NO_CLARIFICATION
PUBLIC_7dd2ae92a022bba33d273c6d,Random-Query@matched-rate,TASK_EQUIVALENT,ASK,1/3,,1,0,0,IMMEDIATE_QUERY
PUBLIC_7dd2ae92a022bba33d273c6d,DriveClarify,TASK_EQUIVALENT,ACT,1,K1,1,0,1,NO_CLARIFICATION
PUBLIC_a588fca2bb690ce7bbcb66a1,Never Clarify,TASK_DIVERGENT,ACT,1,K1,1/2,1/2,0,NO_CLARIFICATION
PUBLIC_a588fca2bb690ce7bbcb66a1,Always Clarify,TASK_DIVERGENT,ASK,1,,1,0,0,IMMEDIATE_QUERY
PUBLIC_a588fca2bb690ce7bbcb66a1,Ambiguity-Only,TASK_DIVERGENT,ASK,1,,1,0,0,IMMEDIATE_QUERY
PUBLIC_a588fca2bb690ce7bbcb66a1,Trajectory-Distance,TASK_DIVERGENT,ACT,1,K1,1/2,1/2,0,NO_CLARIFICATION
PUBLIC_a588fca2bb690ce7bbcb66a1,Random-Query@matched-rate,TASK_DIVERGENT,ACT,2/3,K1,1/2,1/2,0,NO_CLARIFICATION
PUBLIC_a588fca2bb690ce7bbcb66a1,Random-Query@matched-rate,TASK_DIVERGENT,ASK,1/3,,1,0,0,IMMEDIATE_QUERY
PUBLIC_a588fca2bb690ce7bbcb66a1,DriveClarify,TASK_DIVERGENT,ASK,1,,1,0,0,IMMEDIATE_QUERY
PUBLIC_40272f041842092f8ebf5038,Never Clarify,TASK_DIVERGENT,ACT,1,K1,1/2,1/2,0,NO_CLARIFICATION
PUBLIC_40272f041842092f8ebf5038,Always Clarify,TASK_DIVERGENT,ASK,1,,1,0,0,IMMEDIATE_QUERY
PUBLIC_40272f041842092f8ebf5038,Ambiguity-Only,TASK_DIVERGENT,ASK,1,,1,0,0,IMMEDIATE_QUERY
PUBLIC_40272f041842092f8ebf5038,Trajectory-Distance,TASK_DIVERGENT,ACT,1,K1,1/2,1/2,0,NO_CLARIFICATION
PUBLIC_40272f041842092f8ebf5038,Random-Query@matched-rate,TASK_DIVERGENT,ACT,2/3,K1,1/2,1/2,0,NO_CLARIFICATION
PUBLIC_40272f041842092f8ebf5038,Random-Query@matched-rate,TASK_DIVERGENT,ASK,1/3,,1,0,0,IMMEDIATE_QUERY
PUBLIC_40272f041842092f8ebf5038,DriveClarify,TASK_DIVERGENT,ASK,1,,1,0,0,IMMEDIATE_QUERY
PUBLIC_50c8e70d1d42dce7454e92d3,Never Clarify,TASK_EQUIVALENT,ACT,1,K1,1,0,1,NO_CLARIFICATION
PUBLIC_50c8e70d1d42dce7454e92d3,Always Clarify,TASK_EQUIVALENT,ASK,1,,1,0,0,IMMEDIATE_QUERY
PUBLIC_50c8e70d1d42dce7454e92d3,Ambiguity-Only,TASK_EQUIVALENT,ASK,1,,1,0,0,IMMEDIATE_QUERY
PUBLIC_50c8e70d1d42dce7454e92d3,Trajectory-Distance,TASK_EQUIVALENT,ACT,1,K1,1,0,1,NO_CLARIFICATION
PUBLIC_50c8e70d1d42dce7454e92d3,Random-Query@matched-rate,TASK_EQUIVALENT,ACT,2/3,K1,1,0,1,NO_CLARIFICATION
PUBLIC_50c8e70d1d42dce7454e92d3,Random-Query@matched-rate,TASK_EQUIVALENT,ASK,1/3,,1,0,0,IMMEDIATE_QUERY
PUBLIC_50c8e70d1d42dce7454e92d3,DriveClarify,TASK_EQUIVALENT,ACT,1,K1,1,0,1,NO_CLARIFICATION
PUBLIC_2dc1ec341d410afe83b8cf4c,Never Clarify,TASK_EQUIVALENT,ACT,1,K1,1,0,1,NO_CLARIFICATION
PUBLIC_2dc1ec341d410afe83b8cf4c,Always Clarify,TASK_EQUIVALENT,ASK,1,,1,0,0,IMMEDIATE_QUERY
PUBLIC_2dc1ec341d410afe83b8cf4c,Ambiguity-Only,TASK_EQUIVALENT,ASK,1,,1,0,0,IMMEDIATE_QUERY
PUBLIC_2dc1ec341d410afe83b8cf4c,Trajectory-Distance,TASK_EQUIVALENT,ACT,1,K1,1,0,1,NO_CLARIFICATION
PUBLIC_2dc1ec341d410afe83b8cf4c,Random-Query@matched-rate,TASK_EQUIVALENT,ACT,2/3,K1,1,0,1,NO_CLARIFICATION
PUBLIC_2dc1ec341d410afe83b8cf4c,Random-Query@matched-rate,TASK_EQUIVALENT,ASK,1/3,,1,0,0,IMMEDIATE_QUERY
PUBLIC_2dc1ec341d410afe83b8cf4c,DriveClarify,TASK_EQUIVALENT,ACT,1,K1,1,0,1,NO_CLARIFICATION
PUBLIC_36ae0e3c492f6a0febdad197,Never Clarify,TASK_EQUIVALENT,ACT,1,K1,1,0,1,NO_CLARIFICATION
PUBLIC_36ae0e3c492f6a0febdad197,Always Clarify,TASK_EQUIVALENT,ASK,1,,1,0,0,IMMEDIATE_QUERY
PUBLIC_36ae0e3c492f6a0febdad197,Ambiguity-Only,TASK_EQUIVALENT,ASK,1,,1,0,0,IMMEDIATE_QUERY
PUBLIC_36ae0e3c492f6a0febdad197,Trajectory-Distance,TASK_EQUIVALENT,ACT,1,K1,1,0,1,NO_CLARIFICATION
PUBLIC_36ae0e3c492f6a0febdad197,Random-Query@matched-rate,TASK_EQUIVALENT,ACT,2/3,K1,1,0,1,NO_CLARIFICATION
PUBLIC_36ae0e3c492f6a0febdad197,Random-Query@matched-rate,TASK_EQUIVALENT,ASK,1/3,,1,0,0,IMMEDIATE_QUERY
PUBLIC_36ae0e3c492f6a0febdad197,DriveClarify,TASK_EQUIVALENT,ACT,1,K1,1,0,1,NO_CLARIFICATION
PUBLIC_e29aee613e4aecd2eab04a64,Never Clarify,TASK_EQUIVALENT,ACT,1,K1,1,0,1,NO_CLARIFICATION
PUBLIC_e29aee613e4aecd2eab04a64,Always Clarify,TASK_EQUIVALENT,ASK,1,,1,0,0,IMMEDIATE_QUERY
PUBLIC_e29aee613e4aecd2eab04a64,Ambiguity-Only,TASK_EQUIVALENT,ASK,1,,1,0,0,IMMEDIATE_QUERY
PUBLIC_e29aee613e4aecd2eab04a64,Trajectory-Distance,TASK_EQUIVALENT,ASK,1,,1,0,0,IMMEDIATE_QUERY
PUBLIC_e29aee613e4aecd2eab04a64,Random-Query@matched-rate,TASK_EQUIVALENT,ACT,2/3,K1,1,0,1,NO_CLARIFICATION
PUBLIC_e29aee613e4aecd2eab04a64,Random-Query@matched-rate,TASK_EQUIVALENT,ASK,1/3,,1,0,0,IMMEDIATE_QUERY
PUBLIC_e29aee613e4aecd2eab04a64,DriveClarify,TASK_EQUIVALENT,ACT,1,K1,1,0,1,NO_CLARIFICATION
PUBLIC_79ef7e48c04ed060594260ae,Never Clarify,TASK_DIVERGENT,ACT,1,K1,1/2,1/2,0,NO_CLARIFICATION
PUBLIC_79ef7e48c04ed060594260ae,Always Clarify,TASK_DIVERGENT,ASK,1,,1,0,0,IMMEDIATE_QUERY
PUBLIC_79ef7e48c04ed060594260ae,Ambiguity-Only,TASK_DIVERGENT,ASK,1,,1,0,0,IMMEDIATE_QUERY
PUBLIC_79ef7e48c04ed060594260ae,Trajectory-Distance,TASK_DIVERGENT,ACT,1,K1,1/2,1/2,0,NO_CLARIFICATION
PUBLIC_79ef7e48c04ed060594260ae,Random-Query@matched-rate,TASK_DIVERGENT,ACT,2/3,K1,1/2,1/2,0,NO_CLARIFICATION
PUBLIC_79ef7e48c04ed060594260ae,Random-Query@matched-rate,TASK_DIVERGENT,ASK,1/3,,1,0,0,IMMEDIATE_QUERY
PUBLIC_79ef7e48c04ed060594260ae,DriveClarify,TASK_DIVERGENT,ASK,1,,1,0,0,IMMEDIATE_QUERY
PUBLIC_76add269cd5b72c422c834c6,Never Clarify,TASK_DIVERGENT,ACT,1,K1,1/2,1/2,0,NO_CLARIFICATION
PUBLIC_76add269cd5b72c422c834c6,Always Clarify,TASK_DIVERGENT,ASK,1,,1,0,0,IMMEDIATE_QUERY
PUBLIC_76add269cd5b72c422c834c6,Ambiguity-Only,TASK_DIVERGENT,ASK,1,,1,0,0,IMMEDIATE_QUERY
PUBLIC_76add269cd5b72c422c834c6,Trajectory-Distance,TASK_DIVERGENT,ASK,1,,1,0,0,IMMEDIATE_QUERY
PUBLIC_76add269cd5b72c422c834c6,Random-Query@matched-rate,TASK_DIVERGENT,ACT,2/3,K1,1/2,1/2,0,NO_CLARIFICATION
PUBLIC_76add269cd5b72c422c834c6,Random-Query@matched-rate,TASK_DIVERGENT,ASK,1/3,,1,0,0,IMMEDIATE_QUERY
PUBLIC_76add269cd5b72c422c834c6,DriveClarify,TASK_DIVERGENT,ASK,1,,1,0,0,IMMEDIATE_QUERY
PUBLIC_5b55eb4387ca7e1108fd0058,Never Clarify,TASK_EQUIVALENT,ACT,1,K1,1,0,1,NO_CLARIFICATION
PUBLIC_5b55eb4387ca7e1108fd0058,Always Clarify,TASK_EQUIVALENT,ASK,1,,1,0,0,IMMEDIATE_QUERY
PUBLIC_5b55eb4387ca7e1108fd0058,Ambiguity-Only,TASK_EQUIVALENT,ASK,1,,1,0,0,IMMEDIATE_QUERY
PUBLIC_5b55eb4387ca7e1108fd0058,Trajectory-Distance,TASK_EQUIVALENT,ACT,1,K1,1,0,1,NO_CLARIFICATION
PUBLIC_5b55eb4387ca7e1108fd0058,Random-Query@matched-rate,TASK_EQUIVALENT,ACT,2/3,K1,1,0,1,NO_CLARIFICATION
PUBLIC_5b55eb4387ca7e1108fd0058,Random-Query@matched-rate,TASK_EQUIVALENT,ASK,1/3,,1,0,0,IMMEDIATE_QUERY
PUBLIC_5b55eb4387ca7e1108fd0058,DriveClarify,TASK_EQUIVALENT,ACT,1,K1,1,0,1,NO_CLARIFICATION
PUBLIC_1b48350b2db5807d83d922f4,Never Clarify,TASK_EQUIVALENT,ACT,1,K1,1,0,1,NO_CLARIFICATION
PUBLIC_1b48350b2db5807d83d922f4,Always Clarify,TASK_EQUIVALENT,ASK,1,,1,0,0,IMMEDIATE_QUERY
PUBLIC_1b48350b2db5807d83d922f4,Ambiguity-Only,TASK_EQUIVALENT,ASK,1,,1,0,0,IMMEDIATE_QUERY
PUBLIC_1b48350b2db5807d83d922f4,Trajectory-Distance,TASK_EQUIVALENT,ACT,1,K1,1,0,1,NO_CLARIFICATION
PUBLIC_1b48350b2db5807d83d922f4,Random-Query@matched-rate,TASK_EQUIVALENT,ACT,2/3,K1,1,0,1,NO_CLARIFICATION
PUBLIC_1b48350b2db5807d83d922f4,Random-Query@matched-rate,TASK_EQUIVALENT,ASK,1/3,,1,0,0,IMMEDIATE_QUERY
PUBLIC_1b48350b2db5807d83d922f4,DriveClarify,TASK_EQUIVALENT,ACT,1,K1,1,0,1,NO_CLARIFICATION
PUBLIC_b43c93ed8887cc8395f28381,Never Clarify,TASK_EQUIVALENT,ACT,1,K1,1,0,1,NO_CLARIFICATION
PUBLIC_b43c93ed8887cc8395f28381,Always Clarify,TASK_EQUIVALENT,ASK,1,,1,0,0,IMMEDIATE_QUERY
PUBLIC_b43c93ed8887cc8395f28381,Ambiguity-Only,TASK_EQUIVALENT,ASK,1,,1,0,0,IMMEDIATE_QUERY
PUBLIC_b43c93ed8887cc8395f28381,Trajectory-Distance,TASK_EQUIVALENT,ACT,1,K1,1,0,1,NO_CLARIFICATION
PUBLIC_b43c93ed8887cc8395f28381,Random-Query@matched-rate,TASK_EQUIVALENT,ACT,2/3,K1,1,0,1,NO_CLARIFICATION
PUBLIC_b43c93ed8887cc8395f28381,Random-Query@matched-rate,TASK_EQUIVALENT,ASK,1/3,,1,0,0,IMMEDIATE_QUERY
PUBLIC_b43c93ed8887cc8395f28381,DriveClarify,TASK_EQUIVALENT,ACT,1,K1,1,0,1,NO_CLARIFICATION
PUBLIC_5cd4f18ff71ac9d3936c3e35,Never Clarify,TASK_EQUIVALENT,ACT,1,K1,1,0,1,NO_CLARIFICATION
PUBLIC_5cd4f18ff71ac9d3936c3e35,Always Clarify,TASK_EQUIVALENT,ASK,1,,1,0,0,IMMEDIATE_QUERY
PUBLIC_5cd4f18ff71ac9d3936c3e35,Ambiguity-Only,TASK_EQUIVALENT,ASK,1,,1,0,0,IMMEDIATE_QUERY
PUBLIC_5cd4f18ff71ac9d3936c3e35,Trajectory-Distance,TASK_EQUIVALENT,ACT,1,K1,1,0,1,NO_CLARIFICATION
PUBLIC_5cd4f18ff71ac9d3936c3e35,Random-Query@matched-rate,TASK_EQUIVALENT,ACT,2/3,K1,1,0,1,NO_CLARIFICATION
PUBLIC_5cd4f18ff71ac9d3936c3e35,Random-Query@matched-rate,TASK_EQUIVALENT,ASK,1/3,,1,0,0,IMMEDIATE_QUERY
PUBLIC_5cd4f18ff71ac9d3936c3e35,DriveClarify,TASK_EQUIVALENT,ACT,1,K1,1,0,1,NO_CLARIFICATION
PUBLIC_142bda4855d9a4951f880600,Never Clarify,TASK_DIVERGENT,ACT,1,K1,1/2,1/2,0,NO_CLARIFICATION
PUBLIC_142bda4855d9a4951f880600,Always Clarify,TASK_DIVERGENT,ASK,1,,1,0,0,IMMEDIATE_QUERY
PUBLIC_142bda4855d9a4951f880600,Ambiguity-Only,TASK_DIVERGENT,ASK,1,,1,0,0,IMMEDIATE_QUERY
PUBLIC_142bda4855d9a4951f880600,Trajectory-Distance,TASK_DIVERGENT,ACT,1,K1,1/2,1/2,0,NO_CLARIFICATION
PUBLIC_142bda4855d9a4951f880600,Random-Query@matched-rate,TASK_DIVERGENT,ACT,2/3,K1,1/2,1/2,0,NO_CLARIFICATION
PUBLIC_142bda4855d9a4951f880600,Random-Query@matched-rate,TASK_DIVERGENT,ASK,1/3,,1,0,0,IMMEDIATE_QUERY
PUBLIC_142bda4855d9a4951f880600,DriveClarify,TASK_DIVERGENT,ASK,1,,1,0,0,IMMEDIATE_QUERY
PUBLIC_17e825b1804244fb2f56d397,Never Clarify,TASK_DIVERGENT,ACT,1,K1,1/2,1/2,0,NO_CLARIFICATION
PUBLIC_17e825b1804244fb2f56d397,Always Clarify,TASK_DIVERGENT,ASK,1,,1,0,0,IMMEDIATE_QUERY
PUBLIC_17e825b1804244fb2f56d397,Ambiguity-Only,TASK_DIVERGENT,ASK,1,,1,0,0,IMMEDIATE_QUERY
PUBLIC_17e825b1804244fb2f56d397,Trajectory-Distance,TASK_DIVERGENT,ACT,1,K1,1/2,1/2,0,NO_CLARIFICATION
PUBLIC_17e825b1804244fb2f56d397,Random-Query@matched-rate,TASK_DIVERGENT,ACT,2/3,K1,1/2,1/2,0,NO_CLARIFICATION
PUBLIC_17e825b1804244fb2f56d397,Random-Query@matched-rate,TASK_DIVERGENT,ASK,1/3,,1,0,0,IMMEDIATE_QUERY
PUBLIC_17e825b1804244fb2f56d397,DriveClarify,TASK_DIVERGENT,ASK,1,,1,0,0,IMMEDIATE_QUERY
PUBLIC_e6019fda44d81660434434fa,Never Clarify,TASK_EQUIVALENT,ACT,1,K1,1,0,1,NO_CLARIFICATION
PUBLIC_e6019fda44d81660434434fa,Always Clarify,TASK_EQUIVALENT,ASK,1,,1,0,0,IMMEDIATE_QUERY
PUBLIC_e6019fda44d81660434434fa,Ambiguity-Only,TASK_EQUIVALENT,ASK,1,,1,0,0,IMMEDIATE_QUERY
PUBLIC_e6019fda44d81660434434fa,Trajectory-Distance,TASK_EQUIVALENT,ACT,1,K1,1,0,1,NO_CLARIFICATION
PUBLIC_e6019fda44d81660434434fa,Random-Query@matched-rate,TASK_EQUIVALENT,ACT,2/3,K1,1,0,1,NO_CLARIFICATION
PUBLIC_e6019fda44d81660434434fa,Random-Query@matched-rate,TASK_EQUIVALENT,ASK,1/3,,1,0,0,IMMEDIATE_QUERY
PUBLIC_e6019fda44d81660434434fa,DriveClarify,TASK_EQUIVALENT,ACT,1,K1,1,0,1,NO_CLARIFICATION
PUBLIC_f5f717aa4d4ad6f2dd783ce4,Never Clarify,TASK_EQUIVALENT,ACT,1,K1,1,0,1,NO_CLARIFICATION
PUBLIC_f5f717aa4d4ad6f2dd783ce4,Always Clarify,TASK_EQUIVALENT,ASK,1,,1,0,0,IMMEDIATE_QUERY
PUBLIC_f5f717aa4d4ad6f2dd783ce4,Ambiguity-Only,TASK_EQUIVALENT,ASK,1,,1,0,0,IMMEDIATE_QUERY
PUBLIC_f5f717aa4d4ad6f2dd783ce4,Trajectory-Distance,TASK_EQUIVALENT,ACT,1,K1,1,0,1,NO_CLARIFICATION
PUBLIC_f5f717aa4d4ad6f2dd783ce4,Random-Query@matched-rate,TASK_EQUIVALENT,ACT,2/3,K1,1,0,1,NO_CLARIFICATION
PUBLIC_f5f717aa4d4ad6f2dd783ce4,Random-Query@matched-rate,TASK_EQUIVALENT,ASK,1/3,,1,0,0,IMMEDIATE_QUERY
PUBLIC_f5f717aa4d4ad6f2dd783ce4,DriveClarify,TASK_EQUIVALENT,ACT,1,K1,1,0,1,NO_CLARIFICATION
PUBLIC_d5979511dd294ed37e204246,Never Clarify,TASK_EQUIVALENT,ACT,1,K1,1,0,1,NO_CLARIFICATION
PUBLIC_d5979511dd294ed37e204246,Always Clarify,TASK_EQUIVALENT,ASK,1,,1,0,0,IMMEDIATE_QUERY
PUBLIC_d5979511dd294ed37e204246,Ambiguity-Only,TASK_EQUIVALENT,ASK,1,,1,0,0,IMMEDIATE_QUERY
PUBLIC_d5979511dd294ed37e204246,Trajectory-Distance,TASK_EQUIVALENT,ACT,1,K1,1,0,1,NO_CLARIFICATION
PUBLIC_d5979511dd294ed37e204246,Random-Query@matched-rate,TASK_EQUIVALENT,ACT,2/3,K1,1,0,1,NO_CLARIFICATION
PUBLIC_d5979511dd294ed37e204246,Random-Query@matched-rate,TASK_EQUIVALENT,ASK,1/3,,1,0,0,IMMEDIATE_QUERY
PUBLIC_d5979511dd294ed37e204246,DriveClarify,TASK_EQUIVALENT,ACT,1,K1,1,0,1,NO_CLARIFICATION
PUBLIC_2023ae2771401b2375518ae4,Never Clarify,TASK_EQUIVALENT,ACT,1,K1,1,0,1,NO_CLARIFICATION
PUBLIC_2023ae2771401b2375518ae4,Always Clarify,TASK_EQUIVALENT,ASK,1,,1,0,0,IMMEDIATE_QUERY
PUBLIC_2023ae2771401b2375518ae4,Ambiguity-Only,TASK_EQUIVALENT,ASK,1,,1,0,0,IMMEDIATE_QUERY
PUBLIC_2023ae2771401b2375518ae4,Trajectory-Distance,TASK_EQUIVALENT,ACT,1,K1,1,0,1,NO_CLARIFICATION
PUBLIC_2023ae2771401b2375518ae4,Random-Query@matched-rate,TASK_EQUIVALENT,ACT,2/3,K1,1,0,1,NO_CLARIFICATION
PUBLIC_2023ae2771401b2375518ae4,Random-Query@matched-rate,TASK_EQUIVALENT,ASK,1/3,,1,0,0,IMMEDIATE_QUERY
PUBLIC_2023ae2771401b2375518ae4,DriveClarify,TASK_EQUIVALENT,ACT,1,K1,1,0,1,NO_CLARIFICATION
PUBLIC_6fce51e48ba340e22b7d822e,Never Clarify,TASK_DIVERGENT,ACT,1,K1,1/2,1/2,0,NO_CLARIFICATION
PUBLIC_6fce51e48ba340e22b7d822e,Always Clarify,TASK_DIVERGENT,ASK,1,,1,0,0,IMMEDIATE_QUERY
PUBLIC_6fce51e48ba340e22b7d822e,Ambiguity-Only,TASK_DIVERGENT,ASK,1,,1,0,0,IMMEDIATE_QUERY
PUBLIC_6fce51e48ba340e22b7d822e,Trajectory-Distance,TASK_DIVERGENT,ACT,1,K1,1/2,1/2,0,NO_CLARIFICATION
PUBLIC_6fce51e48ba340e22b7d822e,Random-Query@matched-rate,TASK_DIVERGENT,ACT,2/3,K1,1/2,1/2,0,NO_CLARIFICATION
PUBLIC_6fce51e48ba340e22b7d822e,Random-Query@matched-rate,TASK_DIVERGENT,ASK,1/3,,1,0,0,IMMEDIATE_QUERY
PUBLIC_6fce51e48ba340e22b7d822e,DriveClarify,TASK_DIVERGENT,ASK,1,,1,0,0,IMMEDIATE_QUERY
PUBLIC_7f222ba13391a892bd6e94f7,Never Clarify,TASK_DIVERGENT,ACT,1,K1,1/2,1/2,0,NO_CLARIFICATION
PUBLIC_7f222ba13391a892bd6e94f7,Always Clarify,TASK_DIVERGENT,ASK,1,,1,0,0,IMMEDIATE_QUERY
PUBLIC_7f222ba13391a892bd6e94f7,Ambiguity-Only,TASK_DIVERGENT,ASK,1,,1,0,0,IMMEDIATE_QUERY
PUBLIC_7f222ba13391a892bd6e94f7,Trajectory-Distance,TASK_DIVERGENT,ACT,1,K1,1/2,1/2,0,NO_CLARIFICATION
PUBLIC_7f222ba13391a892bd6e94f7,Random-Query@matched-rate,TASK_DIVERGENT,ACT,2/3,K1,1/2,1/2,0,NO_CLARIFICATION
PUBLIC_7f222ba13391a892bd6e94f7,Random-Query@matched-rate,TASK_DIVERGENT,ASK,1/3,,1,0,0,IMMEDIATE_QUERY
PUBLIC_7f222ba13391a892bd6e94f7,DriveClarify,TASK_DIVERGENT,ASK,1,,1,0,0,IMMEDIATE_QUERY
PUBLIC_215bf58f44f256b7e9f9bba1,Never Clarify,TASK_EQUIVALENT,ACT,1,K1,1,0,1,NO_CLARIFICATION
PUBLIC_215bf58f44f256b7e9f9bba1,Always Clarify,TASK_EQUIVALENT,ASK,1,,1,0,0,IMMEDIATE_QUERY
PUBLIC_215bf58f44f256b7e9f9bba1,Ambiguity-Only,TASK_EQUIVALENT,ASK,1,,1,0,0,IMMEDIATE_QUERY
PUBLIC_215bf58f44f256b7e9f9bba1,Trajectory-Distance,TASK_EQUIVALENT,ACT,1,K1,1,0,1,NO_CLARIFICATION
PUBLIC_215bf58f44f256b7e9f9bba1,Random-Query@matched-rate,TASK_EQUIVALENT,ACT,2/3,K1,1,0,1,NO_CLARIFICATION
PUBLIC_215bf58f44f256b7e9f9bba1,Random-Query@matched-rate,TASK_EQUIVALENT,ASK,1/3,,1,0,0,IMMEDIATE_QUERY
PUBLIC_215bf58f44f256b7e9f9bba1,DriveClarify,TASK_EQUIVALENT,ACT,1,K1,1,0,1,NO_CLARIFICATION
PUBLIC_91acd2e6615397ea9b789070,Never Clarify,TASK_EQUIVALENT,ACT,1,K1,1,0,1,NO_CLARIFICATION
PUBLIC_91acd2e6615397ea9b789070,Always Clarify,TASK_EQUIVALENT,ASK,1,,1,0,0,IMMEDIATE_QUERY
PUBLIC_91acd2e6615397ea9b789070,Ambiguity-Only,TASK_EQUIVALENT,ASK,1,,1,0,0,IMMEDIATE_QUERY
PUBLIC_91acd2e6615397ea9b789070,Trajectory-Distance,TASK_EQUIVALENT,ACT,1,K1,1,0,1,NO_CLARIFICATION
PUBLIC_91acd2e6615397ea9b789070,Random-Query@matched-rate,TASK_EQUIVALENT,ACT,2/3,K1,1,0,1,NO_CLARIFICATION
PUBLIC_91acd2e6615397ea9b789070,Random-Query@matched-rate,TASK_EQUIVALENT,ASK,1/3,,1,0,0,IMMEDIATE_QUERY
PUBLIC_91acd2e6615397ea9b789070,DriveClarify,TASK_EQUIVALENT,ACT,1,K1,1,0,1,NO_CLARIFICATION
PUBLIC_b8533e5ce8d64abc2b66a22b,Never Clarify,TASK_EQUIVALENT,ACT,1,K1,1,0,1,NO_CLARIFICATION
PUBLIC_b8533e5ce8d64abc2b66a22b,Always Clarify,TASK_EQUIVALENT,ASK,1,,1,0,0,IMMEDIATE_QUERY
PUBLIC_b8533e5ce8d64abc2b66a22b,Ambiguity-Only,TASK_EQUIVALENT,ASK,1,,1,0,0,IMMEDIATE_QUERY
PUBLIC_b8533e5ce8d64abc2b66a22b,Trajectory-Distance,TASK_EQUIVALENT,ACT,1,K1,1,0,1,NO_CLARIFICATION
PUBLIC_b8533e5ce8d64abc2b66a22b,Random-Query@matched-rate,TASK_EQUIVALENT,ACT,2/3,K1,1,0,1,NO_CLARIFICATION
PUBLIC_b8533e5ce8d64abc2b66a22b,Random-Query@matched-rate,TASK_EQUIVALENT,ASK,1/3,,1,0,0,IMMEDIATE_QUERY
PUBLIC_b8533e5ce8d64abc2b66a22b,DriveClarify,TASK_EQUIVALENT,ACT,1,K1,1,0,1,NO_CLARIFICATION
PUBLIC_c9f489938925241b6f314044,Never Clarify,TASK_EQUIVALENT,ACT,1,K1,1,0,1,NO_CLARIFICATION
PUBLIC_c9f489938925241b6f314044,Always Clarify,TASK_EQUIVALENT,ASK,1,,1,0,0,IMMEDIATE_QUERY
PUBLIC_c9f489938925241b6f314044,Ambiguity-Only,TASK_EQUIVALENT,ASK,1,,1,0,0,IMMEDIATE_QUERY
PUBLIC_c9f489938925241b6f314044,Trajectory-Distance,TASK_EQUIVALENT,ACT,1,K1,1,0,1,NO_CLARIFICATION
PUBLIC_c9f489938925241b6f314044,Random-Query@matched-rate,TASK_EQUIVALENT,ACT,2/3,K1,1,0,1,NO_CLARIFICATION
PUBLIC_c9f489938925241b6f314044,Random-Query@matched-rate,TASK_EQUIVALENT,ASK,1/3,,1,0,0,IMMEDIATE_QUERY
PUBLIC_c9f489938925241b6f314044,DriveClarify,TASK_EQUIVALENT,ACT,1,K1,1,0,1,NO_CLARIFICATION
PUBLIC_b9174f15b006c44e9e36030a,Never Clarify,TASK_DIVERGENT,ACT,1,K1,1/2,1/2,0,NO_CLARIFICATION
PUBLIC_b9174f15b006c44e9e36030a,Always Clarify,TASK_DIVERGENT,ASK,1,,1,0,0,IMMEDIATE_QUERY
PUBLIC_b9174f15b006c44e9e36030a,Ambiguity-Only,TASK_DIVERGENT,ASK,1,,1,0,0,IMMEDIATE_QUERY
PUBLIC_b9174f15b006c44e9e36030a,Trajectory-Distance,TASK_DIVERGENT,ACT,1,K1,1/2,1/2,0,NO_CLARIFICATION
PUBLIC_b9174f15b006c44e9e36030a,Random-Query@matched-rate,TASK_DIVERGENT,ACT,2/3,K1,1/2,1/2,0,NO_CLARIFICATION
PUBLIC_b9174f15b006c44e9e36030a,Random-Query@matched-rate,TASK_DIVERGENT,ASK,1/3,,1,0,0,IMMEDIATE_QUERY
PUBLIC_b9174f15b006c44e9e36030a,DriveClarify,TASK_DIVERGENT,ASK,1,,1,0,0,IMMEDIATE_QUERY
PUBLIC_64b047945de476ea3d5c3f0c,Never Clarify,TASK_DIVERGENT,ACT,1,K1,1/2,1/2,0,NO_CLARIFICATION
PUBLIC_64b047945de476ea3d5c3f0c,Always Clarify,TASK_DIVERGENT,ASK,1,,1,0,0,IMMEDIATE_QUERY
PUBLIC_64b047945de476ea3d5c3f0c,Ambiguity-Only,TASK_DIVERGENT,ASK,1,,1,0,0,IMMEDIATE_QUERY
PUBLIC_64b047945de476ea3d5c3f0c,Trajectory-Distance,TASK_DIVERGENT,ACT,1,K1,1/2,1/2,0,NO_CLARIFICATION
PUBLIC_64b047945de476ea3d5c3f0c,Random-Query@matched-rate,TASK_DIVERGENT,ACT,2/3,K1,1/2,1/2,0,NO_CLARIFICATION
PUBLIC_64b047945de476ea3d5c3f0c,Random-Query@matched-rate,TASK_DIVERGENT,ASK,1/3,,1,0,0,IMMEDIATE_QUERY
PUBLIC_64b047945de476ea3d5c3f0c,DriveClarify,TASK_DIVERGENT,ASK,1,,1,0,0,IMMEDIATE_QUERY
PUBLIC_465bd3f3830722e9a686680e,Never Clarify,TASK_EQUIVALENT,ACT,1,K1,1,0,1,NO_CLARIFICATION
PUBLIC_465bd3f3830722e9a686680e,Always Clarify,TASK_EQUIVALENT,ASK,1,,1,0,0,IMMEDIATE_QUERY
PUBLIC_465bd3f3830722e9a686680e,Ambiguity-Only,TASK_EQUIVALENT,ASK,1,,1,0,0,IMMEDIATE_QUERY
PUBLIC_465bd3f3830722e9a686680e,Trajectory-Distance,TASK_EQUIVALENT,ACT,1,K1,1,0,1,NO_CLARIFICATION
PUBLIC_465bd3f3830722e9a686680e,Random-Query@matched-rate,TASK_EQUIVALENT,ACT,2/3,K1,1,0,1,NO_CLARIFICATION
PUBLIC_465bd3f3830722e9a686680e,Random-Query@matched-rate,TASK_EQUIVALENT,ASK,1/3,,1,0,0,IMMEDIATE_QUERY
PUBLIC_465bd3f3830722e9a686680e,DriveClarify,TASK_EQUIVALENT,ACT,1,K1,1,0,1,NO_CLARIFICATION
PUBLIC_dd083273385ad79b8a699e3d,Never Clarify,TASK_EQUIVALENT,ACT,1,K1,1,0,1,NO_CLARIFICATION
PUBLIC_dd083273385ad79b8a699e3d,Always Clarify,TASK_EQUIVALENT,ASK,1,,1,0,0,IMMEDIATE_QUERY
PUBLIC_dd083273385ad79b8a699e3d,Ambiguity-Only,TASK_EQUIVALENT,ASK,1,,1,0,0,IMMEDIATE_QUERY
PUBLIC_dd083273385ad79b8a699e3d,Trajectory-Distance,TASK_EQUIVALENT,ACT,1,K1,1,0,1,NO_CLARIFICATION
PUBLIC_dd083273385ad79b8a699e3d,Random-Query@matched-rate,TASK_EQUIVALENT,ACT,2/3,K1,1,0,1,NO_CLARIFICATION
PUBLIC_dd083273385ad79b8a699e3d,Random-Query@matched-rate,TASK_EQUIVALENT,ASK,1/3,,1,0,0,IMMEDIATE_QUERY
PUBLIC_dd083273385ad79b8a699e3d,DriveClarify,TASK_EQUIVALENT,ACT,1,K1,1,0,1,NO_CLARIFICATION
PUBLIC_376021bb141fea7bb6beb89a,Never Clarify,TASK_DIVERGENT,ACT,1,K1,1/2,1/2,0,NO_CLARIFICATION
PUBLIC_376021bb141fea7bb6beb89a,Always Clarify,TASK_DIVERGENT,ASK,1,,1,0,0,IMMEDIATE_QUERY
PUBLIC_376021bb141fea7bb6beb89a,Ambiguity-Only,TASK_DIVERGENT,ASK,1,,1,0,0,IMMEDIATE_QUERY
PUBLIC_376021bb141fea7bb6beb89a,Trajectory-Distance,TASK_DIVERGENT,ACT,1,K1,1/2,1/2,0,NO_CLARIFICATION
PUBLIC_376021bb141fea7bb6beb89a,Random-Query@matched-rate,TASK_DIVERGENT,ACT,2/3,K1,1/2,1/2,0,NO_CLARIFICATION
PUBLIC_376021bb141fea7bb6beb89a,Random-Query@matched-rate,TASK_DIVERGENT,ASK,1/3,,1,0,0,IMMEDIATE_QUERY
PUBLIC_376021bb141fea7bb6beb89a,DriveClarify,TASK_DIVERGENT,ASK,1,,1,0,0,IMMEDIATE_QUERY
PUBLIC_9e3875085058aa55f04fa836,Never Clarify,TASK_DIVERGENT,ACT,1,K1,1/2,1/2,0,NO_CLARIFICATION
PUBLIC_9e3875085058aa55f04fa836,Always Clarify,TASK_DIVERGENT,ASK,1,,1,0,0,IMMEDIATE_QUERY
PUBLIC_9e3875085058aa55f04fa836,Ambiguity-Only,TASK_DIVERGENT,ASK,1,,1,0,0,IMMEDIATE_QUERY
PUBLIC_9e3875085058aa55f04fa836,Trajectory-Distance,TASK_DIVERGENT,ASK,1,,1,0,0,IMMEDIATE_QUERY
PUBLIC_9e3875085058aa55f04fa836,Random-Query@matched-rate,TASK_DIVERGENT,ACT,2/3,K1,1/2,1/2,0,NO_CLARIFICATION
PUBLIC_9e3875085058aa55f04fa836,Random-Query@matched-rate,TASK_DIVERGENT,ASK,1/3,,1,0,0,IMMEDIATE_QUERY
PUBLIC_9e3875085058aa55f04fa836,DriveClarify,TASK_DIVERGENT,ASK,1,,1,0,0,IMMEDIATE_QUERY
PUBLIC_18e4e7ae276946ed41e46dab,Never Clarify,TASK_EQUIVALENT,ACT,1,K1,1,0,1,NO_CLARIFICATION
PUBLIC_18e4e7ae276946ed41e46dab,Always Clarify,TASK_EQUIVALENT,ASK,1,,1,0,0,IMMEDIATE_QUERY
PUBLIC_18e4e7ae276946ed41e46dab,Ambiguity-Only,TASK_EQUIVALENT,ASK,1,,1,0,0,IMMEDIATE_QUERY
PUBLIC_18e4e7ae276946ed41e46dab,Trajectory-Distance,TASK_EQUIVALENT,ACT,1,K1,1,0,1,NO_CLARIFICATION
PUBLIC_18e4e7ae276946ed41e46dab,Random-Query@matched-rate,TASK_EQUIVALENT,ACT,2/3,K1,1,0,1,NO_CLARIFICATION
PUBLIC_18e4e7ae276946ed41e46dab,Random-Query@matched-rate,TASK_EQUIVALENT,ASK,1/3,,1,0,0,IMMEDIATE_QUERY
PUBLIC_18e4e7ae276946ed41e46dab,DriveClarify,TASK_EQUIVALENT,ACT,1,K1,1,0,1,NO_CLARIFICATION
PUBLIC_df334413d1f526c1c71eab46,Never Clarify,TASK_EQUIVALENT,ACT,1,K1,1,0,1,NO_CLARIFICATION
PUBLIC_df334413d1f526c1c71eab46,Always Clarify,TASK_EQUIVALENT,ASK,1,,1,0,0,IMMEDIATE_QUERY
PUBLIC_df334413d1f526c1c71eab46,Ambiguity-Only,TASK_EQUIVALENT,ASK,1,,1,0,0,IMMEDIATE_QUERY
PUBLIC_df334413d1f526c1c71eab46,Trajectory-Distance,TASK_EQUIVALENT,ACT,1,K1,1,0,1,NO_CLARIFICATION
PUBLIC_df334413d1f526c1c71eab46,Random-Query@matched-rate,TASK_EQUIVALENT,ACT,2/3,K1,1,0,1,NO_CLARIFICATION
PUBLIC_df334413d1f526c1c71eab46,Random-Query@matched-rate,TASK_EQUIVALENT,ASK,1/3,,1,0,0,IMMEDIATE_QUERY
PUBLIC_df334413d1f526c1c71eab46,DriveClarify,TASK_EQUIVALENT,ACT,1,K1,1,0,1,NO_CLARIFICATION
PUBLIC_a19637f6e3e58960ec837db0,Never Clarify,TASK_EQUIVALENT,ACT,1,K1,1,0,1,NO_CLARIFICATION
PUBLIC_a19637f6e3e58960ec837db0,Always Clarify,TASK_EQUIVALENT,ASK,1,,1,0,0,IMMEDIATE_QUERY
PUBLIC_a19637f6e3e58960ec837db0,Ambiguity-Only,TASK_EQUIVALENT,ASK,1,,1,0,0,IMMEDIATE_QUERY
PUBLIC_a19637f6e3e58960ec837db0,Trajectory-Distance,TASK_EQUIVALENT,ACT,1,K1,1,0,1,NO_CLARIFICATION
PUBLIC_a19637f6e3e58960ec837db0,Random-Query@matched-rate,TASK_EQUIVALENT,ACT,2/3,K1,1,0,1,NO_CLARIFICATION
PUBLIC_a19637f6e3e58960ec837db0,Random-Query@matched-rate,TASK_EQUIVALENT,ASK,1/3,,1,0,0,IMMEDIATE_QUERY
PUBLIC_a19637f6e3e58960ec837db0,DriveClarify,TASK_EQUIVALENT,ACT,1,K1,1,0,1,NO_CLARIFICATION
PUBLIC_f06cdf8bf7d475fd189de39d,Never Clarify,TASK_EQUIVALENT,ACT,1,K1,1,0,1,NO_CLARIFICATION
PUBLIC_f06cdf8bf7d475fd189de39d,Always Clarify,TASK_EQUIVALENT,ASK,1,,1,0,0,IMMEDIATE_QUERY
PUBLIC_f06cdf8bf7d475fd189de39d,Ambiguity-Only,TASK_EQUIVALENT,ASK,1,,1,0,0,IMMEDIATE_QUERY
PUBLIC_f06cdf8bf7d475fd189de39d,Trajectory-Distance,TASK_EQUIVALENT,ACT,1,K1,1,0,1,NO_CLARIFICATION
PUBLIC_f06cdf8bf7d475fd189de39d,Random-Query@matched-rate,TASK_EQUIVALENT,ACT,2/3,K1,1,0,1,NO_CLARIFICATION
PUBLIC_f06cdf8bf7d475fd189de39d,Random-Query@matched-rate,TASK_EQUIVALENT,ASK,1/3,,1,0,0,IMMEDIATE_QUERY
PUBLIC_f06cdf8bf7d475fd189de39d,DriveClarify,TASK_EQUIVALENT,ACT,1,K1,1,0,1,NO_CLARIFICATION
PUBLIC_9e8c9ad165ee4c7882009ed7,Never Clarify,TASK_EQUIVALENT,ACT,1,K1,1,0,1,NO_CLARIFICATION
PUBLIC_9e8c9ad165ee4c7882009ed7,Always Clarify,TASK_EQUIVALENT,ASK,1,,1,0,0,IMMEDIATE_QUERY
PUBLIC_9e8c9ad165ee4c7882009ed7,Ambiguity-Only,TASK_EQUIVALENT,ASK,1,,1,0,0,IMMEDIATE_QUERY
PUBLIC_9e8c9ad165ee4c7882009ed7,Trajectory-Distance,TASK_EQUIVALENT,ACT,1,K1,1,0,1,NO_CLARIFICATION
PUBLIC_9e8c9ad165ee4c7882009ed7,Random-Query@matched-rate,TASK_EQUIVALENT,ACT,2/3,K1,1,0,1,NO_CLARIFICATION
PUBLIC_9e8c9ad165ee4c7882009ed7,Random-Query@matched-rate,TASK_EQUIVALENT,ASK,1/3,,1,0,0,IMMEDIATE_QUERY
PUBLIC_9e8c9ad165ee4c7882009ed7,DriveClarify,TASK_EQUIVALENT,ACT,1,K1,1,0,1,NO_CLARIFICATION
PUBLIC_7cd9fab7f9a978936c932c13,Never Clarify,TASK_EQUIVALENT,ACT,1,K1,1,0,1,NO_CLARIFICATION
PUBLIC_7cd9fab7f9a978936c932c13,Always Clarify,TASK_EQUIVALENT,ASK,1,,1,0,0,IMMEDIATE_QUERY
PUBLIC_7cd9fab7f9a978936c932c13,Ambiguity-Only,TASK_EQUIVALENT,ASK,1,,1,0,0,IMMEDIATE_QUERY
PUBLIC_7cd9fab7f9a978936c932c13,Trajectory-Distance,TASK_EQUIVALENT,ACT,1,K1,1,0,1,NO_CLARIFICATION
PUBLIC_7cd9fab7f9a978936c932c13,Random-Query@matched-rate,TASK_EQUIVALENT,ACT,2/3,K1,1,0,1,NO_CLARIFICATION
PUBLIC_7cd9fab7f9a978936c932c13,Random-Query@matched-rate,TASK_EQUIVALENT,ASK,1/3,,1,0,0,IMMEDIATE_QUERY
PUBLIC_7cd9fab7f9a978936c932c13,DriveClarify,TASK_EQUIVALENT,ACT,1,K1,1,0,1,NO_CLARIFICATION
PUBLIC_05777765fd6a8c58e6c5217e,Never Clarify,TASK_DIVERGENT,ACT,1,K1,1/2,1/2,0,NO_CLARIFICATION
PUBLIC_05777765fd6a8c58e6c5217e,Always Clarify,TASK_DIVERGENT,ASK,1,,1,0,0,IMMEDIATE_QUERY
PUBLIC_05777765fd6a8c58e6c5217e,Ambiguity-Only,TASK_DIVERGENT,ASK,1,,1,0,0,IMMEDIATE_QUERY
PUBLIC_05777765fd6a8c58e6c5217e,Trajectory-Distance,TASK_DIVERGENT,ACT,1,K1,1/2,1/2,0,NO_CLARIFICATION
PUBLIC_05777765fd6a8c58e6c5217e,Random-Query@matched-rate,TASK_DIVERGENT,ACT,2/3,K1,1/2,1/2,0,NO_CLARIFICATION
PUBLIC_05777765fd6a8c58e6c5217e,Random-Query@matched-rate,TASK_DIVERGENT,ASK,1/3,,1,0,0,IMMEDIATE_QUERY
PUBLIC_05777765fd6a8c58e6c5217e,DriveClarify,TASK_DIVERGENT,ASK,1,,1,0,0,IMMEDIATE_QUERY
PUBLIC_9232d0eb4c81ac4e0c3c7a66,Never Clarify,TASK_DIVERGENT,ACT,1,K1,1/2,1/2,0,NO_CLARIFICATION
PUBLIC_9232d0eb4c81ac4e0c3c7a66,Always Clarify,TASK_DIVERGENT,ASK,1,,1,0,0,IMMEDIATE_QUERY
PUBLIC_9232d0eb4c81ac4e0c3c7a66,Ambiguity-Only,TASK_DIVERGENT,ASK,1,,1,0,0,IMMEDIATE_QUERY
PUBLIC_9232d0eb4c81ac4e0c3c7a66,Trajectory-Distance,TASK_DIVERGENT,ACT,1,K1,1/2,1/2,0,NO_CLARIFICATION
PUBLIC_9232d0eb4c81ac4e0c3c7a66,Random-Query@matched-rate,TASK_DIVERGENT,ACT,2/3,K1,1/2,1/2,0,NO_CLARIFICATION
PUBLIC_9232d0eb4c81ac4e0c3c7a66,Random-Query@matched-rate,TASK_DIVERGENT,ASK,1/3,,1,0,0,IMMEDIATE_QUERY
PUBLIC_9232d0eb4c81ac4e0c3c7a66,DriveClarify,TASK_DIVERGENT,ASK,1,,1,0,0,IMMEDIATE_QUERY
PUBLIC_8328a1fb7085fd76ee9b94f5,Never Clarify,TASK_EQUIVALENT,ACT,1,K1,1,0,1,NO_CLARIFICATION
PUBLIC_8328a1fb7085fd76ee9b94f5,Always Clarify,TASK_EQUIVALENT,ASK,1,,1,0,0,IMMEDIATE_QUERY
PUBLIC_8328a1fb7085fd76ee9b94f5,Ambiguity-Only,TASK_EQUIVALENT,ASK,1,,1,0,0,IMMEDIATE_QUERY
PUBLIC_8328a1fb7085fd76ee9b94f5,Trajectory-Distance,TASK_EQUIVALENT,ACT,1,K1,1,0,1,NO_CLARIFICATION
PUBLIC_8328a1fb7085fd76ee9b94f5,Random-Query@matched-rate,TASK_EQUIVALENT,ACT,2/3,K1,1,0,1,NO_CLARIFICATION
PUBLIC_8328a1fb7085fd76ee9b94f5,Random-Query@matched-rate,TASK_EQUIVALENT,ASK,1/3,,1,0,0,IMMEDIATE_QUERY
PUBLIC_8328a1fb7085fd76ee9b94f5,DriveClarify,TASK_EQUIVALENT,ACT,1,K1,1,0,1,NO_CLARIFICATION
PUBLIC_93ef08cb7df36e6727e992e9,Never Clarify,TASK_EQUIVALENT,ACT,1,K1,1,0,1,NO_CLARIFICATION
PUBLIC_93ef08cb7df36e6727e992e9,Always Clarify,TASK_EQUIVALENT,ASK,1,,1,0,0,IMMEDIATE_QUERY
PUBLIC_93ef08cb7df36e6727e992e9,Ambiguity-Only,TASK_EQUIVALENT,ASK,1,,1,0,0,IMMEDIATE_QUERY
PUBLIC_93ef08cb7df36e6727e992e9,Trajectory-Distance,TASK_EQUIVALENT,ACT,1,K1,1,0,1,NO_CLARIFICATION
PUBLIC_93ef08cb7df36e6727e992e9,Random-Query@matched-rate,TASK_EQUIVALENT,ACT,2/3,K1,1,0,1,NO_CLARIFICATION
PUBLIC_93ef08cb7df36e6727e992e9,Random-Query@matched-rate,TASK_EQUIVALENT,ASK,1/3,,1,0,0,IMMEDIATE_QUERY
PUBLIC_93ef08cb7df36e6727e992e9,DriveClarify,TASK_EQUIVALENT,ACT,1,K1,1,0,1,NO_CLARIFICATION
PUBLIC_28ec589efb54319183fa691b,Never Clarify,TASK_EQUIVALENT,ACT,1,K1,1,0,1,NO_CLARIFICATION
PUBLIC_28ec589efb54319183fa691b,Always Clarify,TASK_EQUIVALENT,ASK,1,,1,0,0,IMMEDIATE_QUERY
PUBLIC_28ec589efb54319183fa691b,Ambiguity-Only,TASK_EQUIVALENT,ASK,1,,1,0,0,IMMEDIATE_QUERY
PUBLIC_28ec589efb54319183fa691b,Trajectory-Distance,TASK_EQUIVALENT,ACT,1,K1,1,0,1,NO_CLARIFICATION
PUBLIC_28ec589efb54319183fa691b,Random-Query@matched-rate,TASK_EQUIVALENT,ACT,2/3,K1,1,0,1,NO_CLARIFICATION
PUBLIC_28ec589efb54319183fa691b,Random-Query@matched-rate,TASK_EQUIVALENT,ASK,1/3,,1,0,0,IMMEDIATE_QUERY
PUBLIC_28ec589efb54319183fa691b,DriveClarify,TASK_EQUIVALENT,ACT,1,K1,1,0,1,NO_CLARIFICATION
PUBLIC_ad2f50018a5416a31cb2283b,Never Clarify,TASK_EQUIVALENT,ACT,1,K1,1,0,1,NO_CLARIFICATION
PUBLIC_ad2f50018a5416a31cb2283b,Always Clarify,TASK_EQUIVALENT,ASK,1,,1,0,0,IMMEDIATE_QUERY
PUBLIC_ad2f50018a5416a31cb2283b,Ambiguity-Only,TASK_EQUIVALENT,ASK,1,,1,0,0,IMMEDIATE_QUERY
PUBLIC_ad2f50018a5416a31cb2283b,Trajectory-Distance,TASK_EQUIVALENT,ACT,1,K1,1,0,1,NO_CLARIFICATION
PUBLIC_ad2f50018a5416a31cb2283b,Random-Query@matched-rate,TASK_EQUIVALENT,ACT,2/3,K1,1,0,1,NO_CLARIFICATION
PUBLIC_ad2f50018a5416a31cb2283b,Random-Query@matched-rate,TASK_EQUIVALENT,ASK,1/3,,1,0,0,IMMEDIATE_QUERY
PUBLIC_ad2f50018a5416a31cb2283b,DriveClarify,TASK_EQUIVALENT,ACT,1,K1,1,0,1,NO_CLARIFICATION
PUBLIC_a636ba2e26c96a79f5388029,Never Clarify,TASK_DIVERGENT,ACT,1,K1,1/2,1/2,0,NO_CLARIFICATION
PUBLIC_a636ba2e26c96a79f5388029,Always Clarify,TASK_DIVERGENT,ASK,1,,1,0,0,IMMEDIATE_QUERY
PUBLIC_a636ba2e26c96a79f5388029,Ambiguity-Only,TASK_DIVERGENT,ASK,1,,1,0,0,IMMEDIATE_QUERY
PUBLIC_a636ba2e26c96a79f5388029,Trajectory-Distance,TASK_DIVERGENT,ACT,1,K1,1/2,1/2,0,NO_CLARIFICATION
PUBLIC_a636ba2e26c96a79f5388029,Random-Query@matched-rate,TASK_DIVERGENT,ACT,2/3,K1,1/2,1/2,0,NO_CLARIFICATION
PUBLIC_a636ba2e26c96a79f5388029,Random-Query@matched-rate,TASK_DIVERGENT,ASK,1/3,,1,0,0,IMMEDIATE_QUERY
PUBLIC_a636ba2e26c96a79f5388029,DriveClarify,TASK_DIVERGENT,ASK,1,,1,0,0,IMMEDIATE_QUERY
PUBLIC_886c4906d41bf0db0c7f977a,Never Clarify,TASK_DIVERGENT,ACT,1,K1,1/2,1/2,0,NO_CLARIFICATION
PUBLIC_886c4906d41bf0db0c7f977a,Always Clarify,TASK_DIVERGENT,ASK,1,,1,0,0,IMMEDIATE_QUERY
PUBLIC_886c4906d41bf0db0c7f977a,Ambiguity-Only,TASK_DIVERGENT,ASK,1,,1,0,0,IMMEDIATE_QUERY
PUBLIC_886c4906d41bf0db0c7f977a,Trajectory-Distance,TASK_DIVERGENT,ACT,1,K1,1/2,1/2,0,NO_CLARIFICATION
PUBLIC_886c4906d41bf0db0c7f977a,Random-Query@matched-rate,TASK_DIVERGENT,ACT,2/3,K1,1/2,1/2,0,NO_CLARIFICATION
PUBLIC_886c4906d41bf0db0c7f977a,Random-Query@matched-rate,TASK_DIVERGENT,ASK,1/3,,1,0,0,IMMEDIATE_QUERY
PUBLIC_886c4906d41bf0db0c7f977a,DriveClarify,TASK_DIVERGENT,ASK,1,,1,0,0,IMMEDIATE_QUERY
PUBLIC_9d043a042d01ba220c8f7976,Never Clarify,TASK_EQUIVALENT,ACT,1,K1,1,0,1,NO_CLARIFICATION
PUBLIC_9d043a042d01ba220c8f7976,Always Clarify,TASK_EQUIVALENT,ASK,1,,1,0,0,IMMEDIATE_QUERY
PUBLIC_9d043a042d01ba220c8f7976,Ambiguity-Only,TASK_EQUIVALENT,ASK,1,,1,0,0,IMMEDIATE_QUERY
PUBLIC_9d043a042d01ba220c8f7976,Trajectory-Distance,TASK_EQUIVALENT,ACT,1,K1,1,0,1,NO_CLARIFICATION
PUBLIC_9d043a042d01ba220c8f7976,Random-Query@matched-rate,TASK_EQUIVALENT,ACT,2/3,K1,1,0,1,NO_CLARIFICATION
PUBLIC_9d043a042d01ba220c8f7976,Random-Query@matched-rate,TASK_EQUIVALENT,ASK,1/3,,1,0,0,IMMEDIATE_QUERY
PUBLIC_9d043a042d01ba220c8f7976,DriveClarify,TASK_EQUIVALENT,ACT,1,K1,1,0,1,NO_CLARIFICATION
PUBLIC_6b49ae6736c6d3a1b2f648ea,Never Clarify,TASK_EQUIVALENT,ACT,1,K1,1,0,1,NO_CLARIFICATION
PUBLIC_6b49ae6736c6d3a1b2f648ea,Always Clarify,TASK_EQUIVALENT,ASK,1,,1,0,0,IMMEDIATE_QUERY
PUBLIC_6b49ae6736c6d3a1b2f648ea,Ambiguity-Only,TASK_EQUIVALENT,ASK,1,,1,0,0,IMMEDIATE_QUERY
PUBLIC_6b49ae6736c6d3a1b2f648ea,Trajectory-Distance,TASK_EQUIVALENT,ACT,1,K1,1,0,1,NO_CLARIFICATION
PUBLIC_6b49ae6736c6d3a1b2f648ea,Random-Query@matched-rate,TASK_EQUIVALENT,ACT,2/3,K1,1,0,1,NO_CLARIFICATION
PUBLIC_6b49ae6736c6d3a1b2f648ea,Random-Query@matched-rate,TASK_EQUIVALENT,ASK,1/3,,1,0,0,IMMEDIATE_QUERY
PUBLIC_6b49ae6736c6d3a1b2f648ea,DriveClarify,TASK_EQUIVALENT,ACT,1,K1,1,0,1,NO_CLARIFICATION
PUBLIC_ab08e68aaab38e78f46c6afb,Never Clarify,TASK_EQUIVALENT,ACT,1,K1,1,0,1,NO_CLARIFICATION
PUBLIC_ab08e68aaab38e78f46c6afb,Always Clarify,TASK_EQUIVALENT,ASK,1,,1,0,0,IMMEDIATE_QUERY
PUBLIC_ab08e68aaab38e78f46c6afb,Ambiguity-Only,TASK_EQUIVALENT,ASK,1,,1,0,0,IMMEDIATE_QUERY
PUBLIC_ab08e68aaab38e78f46c6afb,Trajectory-Distance,TASK_EQUIVALENT,ASK,1,,1,0,0,IMMEDIATE_QUERY
PUBLIC_ab08e68aaab38e78f46c6afb,Random-Query@matched-rate,TASK_EQUIVALENT,ACT,2/3,K1,1,0,1,NO_CLARIFICATION
PUBLIC_ab08e68aaab38e78f46c6afb,Random-Query@matched-rate,TASK_EQUIVALENT,ASK,1/3,,1,0,0,IMMEDIATE_QUERY
PUBLIC_ab08e68aaab38e78f46c6afb,DriveClarify,TASK_EQUIVALENT,ACT,1,K1,1,0,1,NO_CLARIFICATION
PUBLIC_82064338998074cf9e0f99fa,Never Clarify,TASK_EQUIVALENT,ACT,1,K1,1,0,1,NO_CLARIFICATION
PUBLIC_82064338998074cf9e0f99fa,Always Clarify,TASK_EQUIVALENT,ASK,1,,1,0,0,IMMEDIATE_QUERY
PUBLIC_82064338998074cf9e0f99fa,Ambiguity-Only,TASK_EQUIVALENT,ASK,1,,1,0,0,IMMEDIATE_QUERY
PUBLIC_82064338998074cf9e0f99fa,Trajectory-Distance,TASK_EQUIVALENT,ACT,1,K1,1,0,1,NO_CLARIFICATION
PUBLIC_82064338998074cf9e0f99fa,Random-Query@matched-rate,TASK_EQUIVALENT,ACT,2/3,K1,1,0,1,NO_CLARIFICATION
PUBLIC_82064338998074cf9e0f99fa,Random-Query@matched-rate,TASK_EQUIVALENT,ASK,1/3,,1,0,0,IMMEDIATE_QUERY
PUBLIC_82064338998074cf9e0f99fa,DriveClarify,TASK_EQUIVALENT,ACT,1,K1,1,0,1,NO_CLARIFICATION
PUBLIC_fce8ef66f7c44b7e8db617a5,Never Clarify,TASK_DIVERGENT,ACT,1,K1,1/2,1/2,0,NO_CLARIFICATION
PUBLIC_fce8ef66f7c44b7e8db617a5,Always Clarify,TASK_DIVERGENT,ASK,1,,1,0,0,IMMEDIATE_QUERY
PUBLIC_fce8ef66f7c44b7e8db617a5,Ambiguity-Only,TASK_DIVERGENT,ASK,1,,1,0,0,IMMEDIATE_QUERY
PUBLIC_fce8ef66f7c44b7e8db617a5,Trajectory-Distance,TASK_DIVERGENT,ACT,1,K1,1/2,1/2,0,NO_CLARIFICATION
PUBLIC_fce8ef66f7c44b7e8db617a5,Random-Query@matched-rate,TASK_DIVERGENT,ACT,2/3,K1,1/2,1/2,0,NO_CLARIFICATION
PUBLIC_fce8ef66f7c44b7e8db617a5,Random-Query@matched-rate,TASK_DIVERGENT,ASK,1/3,,1,0,0,IMMEDIATE_QUERY
PUBLIC_fce8ef66f7c44b7e8db617a5,DriveClarify,TASK_DIVERGENT,ASK,1,,1,0,0,IMMEDIATE_QUERY
PUBLIC_91523eecf024f7c5326dd133,Never Clarify,TASK_DIVERGENT,ACT,1,K1,1/2,1/2,0,NO_CLARIFICATION
PUBLIC_91523eecf024f7c5326dd133,Always Clarify,TASK_DIVERGENT,ASK,1,,1,0,0,IMMEDIATE_QUERY
PUBLIC_91523eecf024f7c5326dd133,Ambiguity-Only,TASK_DIVERGENT,ASK,1,,1,0,0,IMMEDIATE_QUERY
PUBLIC_91523eecf024f7c5326dd133,Trajectory-Distance,TASK_DIVERGENT,ACT,1,K1,1/2,1/2,0,NO_CLARIFICATION
PUBLIC_91523eecf024f7c5326dd133,Random-Query@matched-rate,TASK_DIVERGENT,ACT,2/3,K1,1/2,1/2,0,NO_CLARIFICATION
PUBLIC_91523eecf024f7c5326dd133,Random-Query@matched-rate,TASK_DIVERGENT,ASK,1/3,,1,0,0,IMMEDIATE_QUERY
PUBLIC_91523eecf024f7c5326dd133,DriveClarify,TASK_DIVERGENT,ASK,1,,1,0,0,IMMEDIATE_QUERY
PUBLIC_a82dc8177ed15c609a2adbe6,Never Clarify,TASK_EQUIVALENT,ACT,1,K1,1,0,1,NO_CLARIFICATION
PUBLIC_a82dc8177ed15c609a2adbe6,Always Clarify,TASK_EQUIVALENT,ASK,1,,1,0,0,IMMEDIATE_QUERY
PUBLIC_a82dc8177ed15c609a2adbe6,Ambiguity-Only,TASK_EQUIVALENT,ASK,1,,1,0,0,IMMEDIATE_QUERY
PUBLIC_a82dc8177ed15c609a2adbe6,Trajectory-Distance,TASK_EQUIVALENT,ACT,1,K1,1,0,1,NO_CLARIFICATION
PUBLIC_a82dc8177ed15c609a2adbe6,Random-Query@matched-rate,TASK_EQUIVALENT,ACT,2/3,K1,1,0,1,NO_CLARIFICATION
PUBLIC_a82dc8177ed15c609a2adbe6,Random-Query@matched-rate,TASK_EQUIVALENT,ASK,1/3,,1,0,0,IMMEDIATE_QUERY
PUBLIC_a82dc8177ed15c609a2adbe6,DriveClarify,TASK_EQUIVALENT,ACT,1,K1,1,0,1,NO_CLARIFICATION
PUBLIC_cba3da3956596ec352fab400,Never Clarify,TASK_EQUIVALENT,ACT,1,K1,1,0,1,NO_CLARIFICATION
PUBLIC_cba3da3956596ec352fab400,Always Clarify,TASK_EQUIVALENT,ASK,1,,1,0,0,IMMEDIATE_QUERY
PUBLIC_cba3da3956596ec352fab400,Ambiguity-Only,TASK_EQUIVALENT,ASK,1,,1,0,0,IMMEDIATE_QUERY
PUBLIC_cba3da3956596ec352fab400,Trajectory-Distance,TASK_EQUIVALENT,ACT,1,K1,1,0,1,NO_CLARIFICATION
PUBLIC_cba3da3956596ec352fab400,Random-Query@matched-rate,TASK_EQUIVALENT,ACT,2/3,K1,1,0,1,NO_CLARIFICATION
PUBLIC_cba3da3956596ec352fab400,Random-Query@matched-rate,TASK_EQUIVALENT,ASK,1/3,,1,0,0,IMMEDIATE_QUERY
PUBLIC_cba3da3956596ec352fab400,DriveClarify,TASK_EQUIVALENT,ACT,1,K1,1,0,1,NO_CLARIFICATION
PUBLIC_1c3e16270e48b442e5fd54bf,Never Clarify,TASK_EQUIVALENT,ACT,1,K1,1,0,1,NO_CLARIFICATION
PUBLIC_1c3e16270e48b442e5fd54bf,Always Clarify,TASK_EQUIVALENT,ASK,1,,1,0,0,IMMEDIATE_QUERY
PUBLIC_1c3e16270e48b442e5fd54bf,Ambiguity-Only,TASK_EQUIVALENT,ASK,1,,1,0,0,IMMEDIATE_QUERY
PUBLIC_1c3e16270e48b442e5fd54bf,Trajectory-Distance,TASK_EQUIVALENT,ACT,1,K1,1,0,1,NO_CLARIFICATION
PUBLIC_1c3e16270e48b442e5fd54bf,Random-Query@matched-rate,TASK_EQUIVALENT,ACT,2/3,K1,1,0,1,NO_CLARIFICATION
PUBLIC_1c3e16270e48b442e5fd54bf,Random-Query@matched-rate,TASK_EQUIVALENT,ASK,1/3,,1,0,0,IMMEDIATE_QUERY
PUBLIC_1c3e16270e48b442e5fd54bf,DriveClarify,TASK_EQUIVALENT,ACT,1,K1,1,0,1,NO_CLARIFICATION
PUBLIC_6446944b8e16daf3c8c85bf2,Never Clarify,TASK_EQUIVALENT,ACT,1,K1,1,0,1,NO_CLARIFICATION
PUBLIC_6446944b8e16daf3c8c85bf2,Always Clarify,TASK_EQUIVALENT,ASK,1,,1,0,0,IMMEDIATE_QUERY
PUBLIC_6446944b8e16daf3c8c85bf2,Ambiguity-Only,TASK_EQUIVALENT,ASK,1,,1,0,0,IMMEDIATE_QUERY
PUBLIC_6446944b8e16daf3c8c85bf2,Trajectory-Distance,TASK_EQUIVALENT,ASK,1,,1,0,0,IMMEDIATE_QUERY
PUBLIC_6446944b8e16daf3c8c85bf2,Random-Query@matched-rate,TASK_EQUIVALENT,ACT,2/3,K1,1,0,1,NO_CLARIFICATION
PUBLIC_6446944b8e16daf3c8c85bf2,Random-Query@matched-rate,TASK_EQUIVALENT,ASK,1/3,,1,0,0,IMMEDIATE_QUERY
PUBLIC_6446944b8e16daf3c8c85bf2,DriveClarify,TASK_EQUIVALENT,ACT,1,K1,1,0,1,NO_CLARIFICATION
PUBLIC_a4f21f92d333948e9815b5c4,Never Clarify,TASK_DIVERGENT,ACT,1,K1,1/2,1/2,0,NO_CLARIFICATION
PUBLIC_a4f21f92d333948e9815b5c4,Always Clarify,TASK_DIVERGENT,ASK,1,,1,0,0,IMMEDIATE_QUERY
PUBLIC_a4f21f92d333948e9815b5c4,Ambiguity-Only,TASK_DIVERGENT,ASK,1,,1,0,0,IMMEDIATE_QUERY
PUBLIC_a4f21f92d333948e9815b5c4,Trajectory-Distance,TASK_DIVERGENT,ACT,1,K1,1/2,1/2,0,NO_CLARIFICATION
PUBLIC_a4f21f92d333948e9815b5c4,Random-Query@matched-rate,TASK_DIVERGENT,ACT,2/3,K1,1/2,1/2,0,NO_CLARIFICATION
PUBLIC_a4f21f92d333948e9815b5c4,Random-Query@matched-rate,TASK_DIVERGENT,ASK,1/3,,1,0,0,IMMEDIATE_QUERY
PUBLIC_a4f21f92d333948e9815b5c4,DriveClarify,TASK_DIVERGENT,ASK,1,,1,0,0,IMMEDIATE_QUERY
PUBLIC_0882e57ea1a13a297259199d,Never Clarify,TASK_DIVERGENT,ACT,1,K1,1/2,1/2,0,NO_CLARIFICATION
PUBLIC_0882e57ea1a13a297259199d,Always Clarify,TASK_DIVERGENT,ASK,1,,1,0,0,IMMEDIATE_QUERY
PUBLIC_0882e57ea1a13a297259199d,Ambiguity-Only,TASK_DIVERGENT,ASK,1,,1,0,0,IMMEDIATE_QUERY
PUBLIC_0882e57ea1a13a297259199d,Trajectory-Distance,TASK_DIVERGENT,ASK,1,,1,0,0,IMMEDIATE_QUERY
PUBLIC_0882e57ea1a13a297259199d,Random-Query@matched-rate,TASK_DIVERGENT,ACT,2/3,K1,1/2,1/2,0,NO_CLARIFICATION
PUBLIC_0882e57ea1a13a297259199d,Random-Query@matched-rate,TASK_DIVERGENT,ASK,1/3,,1,0,0,IMMEDIATE_QUERY
PUBLIC_0882e57ea1a13a297259199d,DriveClarify,TASK_DIVERGENT,ASK,1,,1,0,0,IMMEDIATE_QUERY
PUBLIC_052ac4317e503584801352a0,Never Clarify,TASK_EQUIVALENT,ACT,1,K1,1,0,1,NO_CLARIFICATION
PUBLIC_052ac4317e503584801352a0,Always Clarify,TASK_EQUIVALENT,ASK,1,,1,0,0,IMMEDIATE_QUERY
PUBLIC_052ac4317e503584801352a0,Ambiguity-Only,TASK_EQUIVALENT,ASK,1,,1,0,0,IMMEDIATE_QUERY
PUBLIC_052ac4317e503584801352a0,Trajectory-Distance,TASK_EQUIVALENT,ACT,1,K1,1,0,1,NO_CLARIFICATION
PUBLIC_052ac4317e503584801352a0,Random-Query@matched-rate,TASK_EQUIVALENT,ACT,2/3,K1,1,0,1,NO_CLARIFICATION
PUBLIC_052ac4317e503584801352a0,Random-Query@matched-rate,TASK_EQUIVALENT,ASK,1/3,,1,0,0,IMMEDIATE_QUERY
PUBLIC_052ac4317e503584801352a0,DriveClarify,TASK_EQUIVALENT,ACT,1,K1,1,0,1,NO_CLARIFICATION
PUBLIC_1445a0c0deb4162724d5d313,Never Clarify,TASK_EQUIVALENT,ACT,1,K1,1,0,1,NO_CLARIFICATION
PUBLIC_1445a0c0deb4162724d5d313,Always Clarify,TASK_EQUIVALENT,ASK,1,,1,0,0,IMMEDIATE_QUERY
PUBLIC_1445a0c0deb4162724d5d313,Ambiguity-Only,TASK_EQUIVALENT,ASK,1,,1,0,0,IMMEDIATE_QUERY
PUBLIC_1445a0c0deb4162724d5d313,Trajectory-Distance,TASK_EQUIVALENT,ACT,1,K1,1,0,1,NO_CLARIFICATION
PUBLIC_1445a0c0deb4162724d5d313,Random-Query@matched-rate,TASK_EQUIVALENT,ACT,2/3,K1,1,0,1,NO_CLARIFICATION
PUBLIC_1445a0c0deb4162724d5d313,Random-Query@matched-rate,TASK_EQUIVALENT,ASK,1/3,,1,0,0,IMMEDIATE_QUERY
PUBLIC_1445a0c0deb4162724d5d313,DriveClarify,TASK_EQUIVALENT,ACT,1,K1,1,0,1,NO_CLARIFICATION
PUBLIC_ac6a81ad81399283cfdf3c8c,Never Clarify,TASK_DIVERGENT,ACT,1,K1,1/2,1/2,0,NO_CLARIFICATION
PUBLIC_ac6a81ad81399283cfdf3c8c,Always Clarify,TASK_DIVERGENT,ASK,1,,1,0,0,IMMEDIATE_QUERY
PUBLIC_ac6a81ad81399283cfdf3c8c,Ambiguity-Only,TASK_DIVERGENT,ASK,1,,1,0,0,IMMEDIATE_QUERY
PUBLIC_ac6a81ad81399283cfdf3c8c,Trajectory-Distance,TASK_DIVERGENT,ASK,1,,1,0,0,IMMEDIATE_QUERY
PUBLIC_ac6a81ad81399283cfdf3c8c,Random-Query@matched-rate,TASK_DIVERGENT,ACT,2/3,K1,1/2,1/2,0,NO_CLARIFICATION
PUBLIC_ac6a81ad81399283cfdf3c8c,Random-Query@matched-rate,TASK_DIVERGENT,ASK,1/3,,1,0,0,IMMEDIATE_QUERY
PUBLIC_ac6a81ad81399283cfdf3c8c,DriveClarify,TASK_DIVERGENT,ASK,1,,1,0,0,IMMEDIATE_QUERY
PUBLIC_760f63e324f06f3efdaf2092,Never Clarify,TASK_DIVERGENT,ACT,1,K1,1/2,1/2,0,NO_CLARIFICATION
PUBLIC_760f63e324f06f3efdaf2092,Always Clarify,TASK_DIVERGENT,ASK,1,,1,0,0,IMMEDIATE_QUERY
PUBLIC_760f63e324f06f3efdaf2092,Ambiguity-Only,TASK_DIVERGENT,ASK,1,,1,0,0,IMMEDIATE_QUERY
PUBLIC_760f63e324f06f3efdaf2092,Trajectory-Distance,TASK_DIVERGENT,ACT,1,K1,1/2,1/2,0,NO_CLARIFICATION
PUBLIC_760f63e324f06f3efdaf2092,Random-Query@matched-rate,TASK_DIVERGENT,ACT,2/3,K1,1/2,1/2,0,NO_CLARIFICATION
PUBLIC_760f63e324f06f3efdaf2092,Random-Query@matched-rate,TASK_DIVERGENT,ASK,1/3,,1,0,0,IMMEDIATE_QUERY
PUBLIC_760f63e324f06f3efdaf2092,DriveClarify,TASK_DIVERGENT,ASK,1,,1,0,0,IMMEDIATE_QUERY
PUBLIC_98dcc3ed75d549297c21cce4,Never Clarify,TASK_EQUIVALENT,ACT,1,K1,1,0,1,NO_CLARIFICATION
PUBLIC_98dcc3ed75d549297c21cce4,Always Clarify,TASK_EQUIVALENT,ASK,1,,1,0,0,IMMEDIATE_QUERY
PUBLIC_98dcc3ed75d549297c21cce4,Ambiguity-Only,TASK_EQUIVALENT,ASK,1,,1,0,0,IMMEDIATE_QUERY
PUBLIC_98dcc3ed75d549297c21cce4,Trajectory-Distance,TASK_EQUIVALENT,ASK,1,,1,0,0,IMMEDIATE_QUERY
PUBLIC_98dcc3ed75d549297c21cce4,Random-Query@matched-rate,TASK_EQUIVALENT,ACT,2/3,K1,1,0,1,NO_CLARIFICATION
PUBLIC_98dcc3ed75d549297c21cce4,Random-Query@matched-rate,TASK_EQUIVALENT,ASK,1/3,,1,0,0,IMMEDIATE_QUERY
PUBLIC_98dcc3ed75d549297c21cce4,DriveClarify,TASK_EQUIVALENT,ACT,1,K1,1,0,1,NO_CLARIFICATION
PUBLIC_22a47322dabcece9d343134f,Never Clarify,TASK_EQUIVALENT,ACT,1,K1,1,0,1,NO_CLARIFICATION
PUBLIC_22a47322dabcece9d343134f,Always Clarify,TASK_EQUIVALENT,ASK,1,,1,0,0,IMMEDIATE_QUERY
PUBLIC_22a47322dabcece9d343134f,Ambiguity-Only,TASK_EQUIVALENT,ASK,1,,1,0,0,IMMEDIATE_QUERY
PUBLIC_22a47322dabcece9d343134f,Trajectory-Distance,TASK_EQUIVALENT,ACT,1,K1,1,0,1,NO_CLARIFICATION
PUBLIC_22a47322dabcece9d343134f,Random-Query@matched-rate,TASK_EQUIVALENT,ACT,2/3,K1,1,0,1,NO_CLARIFICATION
PUBLIC_22a47322dabcece9d343134f,Random-Query@matched-rate,TASK_EQUIVALENT,ASK,1/3,,1,0,0,IMMEDIATE_QUERY
PUBLIC_22a47322dabcece9d343134f,DriveClarify,TASK_EQUIVALENT,ACT,1,K1,1,0,1,NO_CLARIFICATION
PUBLIC_d9857e4ef79a965286feb0c1,Never Clarify,TASK_EQUIVALENT,ACT,1,K1,1,0,1,NO_CLARIFICATION
PUBLIC_d9857e4ef79a965286feb0c1,Always Clarify,TASK_EQUIVALENT,ASK,1,,1,0,0,IMMEDIATE_QUERY
PUBLIC_d9857e4ef79a965286feb0c1,Ambiguity-Only,TASK_EQUIVALENT,ASK,1,,1,0,0,IMMEDIATE_QUERY
PUBLIC_d9857e4ef79a965286feb0c1,Trajectory-Distance,TASK_EQUIVALENT,ACT,1,K1,1,0,1,NO_CLARIFICATION
PUBLIC_d9857e4ef79a965286feb0c1,Random-Query@matched-rate,TASK_EQUIVALENT,ACT,2/3,K1,1,0,1,NO_CLARIFICATION
PUBLIC_d9857e4ef79a965286feb0c1,Random-Query@matched-rate,TASK_EQUIVALENT,ASK,1/3,,1,0,0,IMMEDIATE_QUERY
PUBLIC_d9857e4ef79a965286feb0c1,DriveClarify,TASK_EQUIVALENT,ACT,1,K1,1,0,1,NO_CLARIFICATION
PUBLIC_75bc3b3d9c316cdb8f826e13,Never Clarify,TASK_EQUIVALENT,ACT,1,K1,1,0,1,NO_CLARIFICATION
PUBLIC_75bc3b3d9c316cdb8f826e13,Always Clarify,TASK_EQUIVALENT,ASK,1,,1,0,0,IMMEDIATE_QUERY
PUBLIC_75bc3b3d9c316cdb8f826e13,Ambiguity-Only,TASK_EQUIVALENT,ASK,1,,1,0,0,IMMEDIATE_QUERY
PUBLIC_75bc3b3d9c316cdb8f826e13,Trajectory-Distance,TASK_EQUIVALENT,ACT,1,K1,1,0,1,NO_CLARIFICATION
PUBLIC_75bc3b3d9c316cdb8f826e13,Random-Query@matched-rate,TASK_EQUIVALENT,ACT,2/3,K1,1,0,1,NO_CLARIFICATION
PUBLIC_75bc3b3d9c316cdb8f826e13,Random-Query@matched-rate,TASK_EQUIVALENT,ASK,1/3,,1,0,0,IMMEDIATE_QUERY
PUBLIC_75bc3b3d9c316cdb8f826e13,DriveClarify,TASK_EQUIVALENT,ACT,1,K1,1,0,1,NO_CLARIFICATION
PUBLIC_a3c58f8477aa78b9d5ca182b,Never Clarify,TASK_DIVERGENT,ACT,1,K1,1/2,1/2,0,NO_CLARIFICATION
PUBLIC_a3c58f8477aa78b9d5ca182b,Always Clarify,TASK_DIVERGENT,ASK,1,,1,0,0,IMMEDIATE_QUERY
PUBLIC_a3c58f8477aa78b9d5ca182b,Ambiguity-Only,TASK_DIVERGENT,ASK,1,,1,0,0,IMMEDIATE_QUERY
PUBLIC_a3c58f8477aa78b9d5ca182b,Trajectory-Distance,TASK_DIVERGENT,ACT,1,K1,1/2,1/2,0,NO_CLARIFICATION
PUBLIC_a3c58f8477aa78b9d5ca182b,Random-Query@matched-rate,TASK_DIVERGENT,ACT,2/3,K1,1/2,1/2,0,NO_CLARIFICATION
PUBLIC_a3c58f8477aa78b9d5ca182b,Random-Query@matched-rate,TASK_DIVERGENT,ASK,1/3,,1,0,0,IMMEDIATE_QUERY
PUBLIC_a3c58f8477aa78b9d5ca182b,DriveClarify,TASK_DIVERGENT,ASK,1,,1,0,0,IMMEDIATE_QUERY
PUBLIC_3b3b53eb8d969314f9873cff,Never Clarify,TASK_DIVERGENT,ACT,1,K1,1/2,1/2,0,NO_CLARIFICATION
PUBLIC_3b3b53eb8d969314f9873cff,Always Clarify,TASK_DIVERGENT,ASK,1,,1,0,0,IMMEDIATE_QUERY
PUBLIC_3b3b53eb8d969314f9873cff,Ambiguity-Only,TASK_DIVERGENT,ASK,1,,1,0,0,IMMEDIATE_QUERY
PUBLIC_3b3b53eb8d969314f9873cff,Trajectory-Distance,TASK_DIVERGENT,ACT,1,K1,1/2,1/2,0,NO_CLARIFICATION
PUBLIC_3b3b53eb8d969314f9873cff,Random-Query@matched-rate,TASK_DIVERGENT,ACT,2/3,K1,1/2,1/2,0,NO_CLARIFICATION
PUBLIC_3b3b53eb8d969314f9873cff,Random-Query@matched-rate,TASK_DIVERGENT,ASK,1/3,,1,0,0,IMMEDIATE_QUERY
PUBLIC_3b3b53eb8d969314f9873cff,DriveClarify,TASK_DIVERGENT,ASK,1,,1,0,0,IMMEDIATE_QUERY
PUBLIC_8a08139174932cd5a68bd1a1,Never Clarify,TASK_EQUIVALENT,ACT,1,K1,1,0,1,NO_CLARIFICATION
PUBLIC_8a08139174932cd5a68bd1a1,Always Clarify,TASK_EQUIVALENT,ASK,1,,1,0,0,IMMEDIATE_QUERY
PUBLIC_8a08139174932cd5a68bd1a1,Ambiguity-Only,TASK_EQUIVALENT,ASK,1,,1,0,0,IMMEDIATE_QUERY
PUBLIC_8a08139174932cd5a68bd1a1,Trajectory-Distance,TASK_EQUIVALENT,ACT,1,K1,1,0,1,NO_CLARIFICATION
PUBLIC_8a08139174932cd5a68bd1a1,Random-Query@matched-rate,TASK_EQUIVALENT,ACT,2/3,K1,1,0,1,NO_CLARIFICATION
PUBLIC_8a08139174932cd5a68bd1a1,Random-Query@matched-rate,TASK_EQUIVALENT,ASK,1/3,,1,0,0,IMMEDIATE_QUERY
PUBLIC_8a08139174932cd5a68bd1a1,DriveClarify,TASK_EQUIVALENT,ACT,1,K1,1,0,1,NO_CLARIFICATION
PUBLIC_f6d9fd354ffe49e0c725d012,Never Clarify,TASK_EQUIVALENT,ACT,1,K1,1,0,1,NO_CLARIFICATION
PUBLIC_f6d9fd354ffe49e0c725d012,Always Clarify,TASK_EQUIVALENT,ASK,1,,1,0,0,IMMEDIATE_QUERY
PUBLIC_f6d9fd354ffe49e0c725d012,Ambiguity-Only,TASK_EQUIVALENT,ASK,1,,1,0,0,IMMEDIATE_QUERY
PUBLIC_f6d9fd354ffe49e0c725d012,Trajectory-Distance,TASK_EQUIVALENT,ACT,1,K1,1,0,1,NO_CLARIFICATION
PUBLIC_f6d9fd354ffe49e0c725d012,Random-Query@matched-rate,TASK_EQUIVALENT,ACT,2/3,K1,1,0,1,NO_CLARIFICATION
PUBLIC_f6d9fd354ffe49e0c725d012,Random-Query@matched-rate,TASK_EQUIVALENT,ASK,1/3,,1,0,0,IMMEDIATE_QUERY
PUBLIC_f6d9fd354ffe49e0c725d012,DriveClarify,TASK_EQUIVALENT,ACT,1,K1,1,0,1,NO_CLARIFICATION
PUBLIC_d542e331acc9185e2a02aeda,Never Clarify,TASK_EQUIVALENT,ACT,1,K1,1,0,1,NO_CLARIFICATION
PUBLIC_d542e331acc9185e2a02aeda,Always Clarify,TASK_EQUIVALENT,ASK,1,,1,0,0,IMMEDIATE_QUERY
PUBLIC_d542e331acc9185e2a02aeda,Ambiguity-Only,TASK_EQUIVALENT,ASK,1,,1,0,0,IMMEDIATE_QUERY
PUBLIC_d542e331acc9185e2a02aeda,Trajectory-Distance,TASK_EQUIVALENT,ACT,1,K1,1,0,1,NO_CLARIFICATION
PUBLIC_d542e331acc9185e2a02aeda,Random-Query@matched-rate,TASK_EQUIVALENT,ACT,2/3,K1,1,0,1,NO_CLARIFICATION
PUBLIC_d542e331acc9185e2a02aeda,Random-Query@matched-rate,TASK_EQUIVALENT,ASK,1/3,,1,0,0,IMMEDIATE_QUERY
PUBLIC_d542e331acc9185e2a02aeda,DriveClarify,TASK_EQUIVALENT,ACT,1,K1,1,0,1,NO_CLARIFICATION
PUBLIC_ec2ff1276c6bde1e50fea5d2,Never Clarify,TASK_EQUIVALENT,ACT,1,K1,1,0,1,NO_CLARIFICATION
PUBLIC_ec2ff1276c6bde1e50fea5d2,Always Clarify,TASK_EQUIVALENT,ASK,1,,1,0,0,IMMEDIATE_QUERY
PUBLIC_ec2ff1276c6bde1e50fea5d2,Ambiguity-Only,TASK_EQUIVALENT,ASK,1,,1,0,0,IMMEDIATE_QUERY
PUBLIC_ec2ff1276c6bde1e50fea5d2,Trajectory-Distance,TASK_EQUIVALENT,ACT,1,K1,1,0,1,NO_CLARIFICATION
PUBLIC_ec2ff1276c6bde1e50fea5d2,Random-Query@matched-rate,TASK_EQUIVALENT,ACT,2/3,K1,1,0,1,NO_CLARIFICATION
PUBLIC_ec2ff1276c6bde1e50fea5d2,Random-Query@matched-rate,TASK_EQUIVALENT,ASK,1/3,,1,0,0,IMMEDIATE_QUERY
PUBLIC_ec2ff1276c6bde1e50fea5d2,DriveClarify,TASK_EQUIVALENT,ACT,1,K1,1,0,1,NO_CLARIFICATION
PUBLIC_8c5ad42c2baa38701c9c55bf,Never Clarify,TASK_EQUIVALENT,ACT,1,K1,1,0,1,NO_CLARIFICATION
PUBLIC_8c5ad42c2baa38701c9c55bf,Always Clarify,TASK_EQUIVALENT,ASK,1,,1,0,0,IMMEDIATE_QUERY
PUBLIC_8c5ad42c2baa38701c9c55bf,Ambiguity-Only,TASK_EQUIVALENT,ASK,1,,1,0,0,IMMEDIATE_QUERY
PUBLIC_8c5ad42c2baa38701c9c55bf,Trajectory-Distance,TASK_EQUIVALENT,ACT,1,K1,1,0,1,NO_CLARIFICATION
PUBLIC_8c5ad42c2baa38701c9c55bf,Random-Query@matched-rate,TASK_EQUIVALENT,ACT,2/3,K1,1,0,1,NO_CLARIFICATION
PUBLIC_8c5ad42c2baa38701c9c55bf,Random-Query@matched-rate,TASK_EQUIVALENT,ASK,1/3,,1,0,0,IMMEDIATE_QUERY
PUBLIC_8c5ad42c2baa38701c9c55bf,DriveClarify,TASK_EQUIVALENT,ACT,1,K1,1,0,1,NO_CLARIFICATION
PUBLIC_a128e5f37db1252d21d87f6f,Never Clarify,TASK_EQUIVALENT,ACT,1,K1,1,0,1,NO_CLARIFICATION
PUBLIC_a128e5f37db1252d21d87f6f,Always Clarify,TASK_EQUIVALENT,ASK,1,,1,0,0,IMMEDIATE_QUERY
PUBLIC_a128e5f37db1252d21d87f6f,Ambiguity-Only,TASK_EQUIVALENT,ASK,1,,1,0,0,IMMEDIATE_QUERY
PUBLIC_a128e5f37db1252d21d87f6f,Trajectory-Distance,TASK_EQUIVALENT,ASK,1,,1,0,0,IMMEDIATE_QUERY
PUBLIC_a128e5f37db1252d21d87f6f,Random-Query@matched-rate,TASK_EQUIVALENT,ACT,2/3,K1,1,0,1,NO_CLARIFICATION
PUBLIC_a128e5f37db1252d21d87f6f,Random-Query@matched-rate,TASK_EQUIVALENT,ASK,1/3,,1,0,0,IMMEDIATE_QUERY
PUBLIC_a128e5f37db1252d21d87f6f,DriveClarify,TASK_EQUIVALENT,ACT,1,K1,1,0,1,NO_CLARIFICATION
PUBLIC_edf2fbc4427ab979b1673f63,Never Clarify,TASK_DIVERGENT,ACT,1,K1,1/2,1/2,0,NO_CLARIFICATION
PUBLIC_edf2fbc4427ab979b1673f63,Always Clarify,TASK_DIVERGENT,ASK,1,,1,0,0,IMMEDIATE_QUERY
PUBLIC_edf2fbc4427ab979b1673f63,Ambiguity-Only,TASK_DIVERGENT,ASK,1,,1,0,0,IMMEDIATE_QUERY
PUBLIC_edf2fbc4427ab979b1673f63,Trajectory-Distance,TASK_DIVERGENT,ACT,1,K1,1/2,1/2,0,NO_CLARIFICATION
PUBLIC_edf2fbc4427ab979b1673f63,Random-Query@matched-rate,TASK_DIVERGENT,ACT,2/3,K1,1/2,1/2,0,NO_CLARIFICATION
PUBLIC_edf2fbc4427ab979b1673f63,Random-Query@matched-rate,TASK_DIVERGENT,ASK,1/3,,1,0,0,IMMEDIATE_QUERY
PUBLIC_edf2fbc4427ab979b1673f63,DriveClarify,TASK_DIVERGENT,ASK,1,,1,0,0,IMMEDIATE_QUERY
PUBLIC_21d0dfa2cb612e010eb1273b,Never Clarify,TASK_DIVERGENT,ACT,1,K1,1/2,1/2,0,NO_CLARIFICATION
PUBLIC_21d0dfa2cb612e010eb1273b,Always Clarify,TASK_DIVERGENT,ASK,1,,1,0,0,IMMEDIATE_QUERY
PUBLIC_21d0dfa2cb612e010eb1273b,Ambiguity-Only,TASK_DIVERGENT,ASK,1,,1,0,0,IMMEDIATE_QUERY
PUBLIC_21d0dfa2cb612e010eb1273b,Trajectory-Distance,TASK_DIVERGENT,ACT,1,K1,1/2,1/2,0,NO_CLARIFICATION
PUBLIC_21d0dfa2cb612e010eb1273b,Random-Query@matched-rate,TASK_DIVERGENT,ACT,2/3,K1,1/2,1/2,0,NO_CLARIFICATION
PUBLIC_21d0dfa2cb612e010eb1273b,Random-Query@matched-rate,TASK_DIVERGENT,ASK,1/3,,1,0,0,IMMEDIATE_QUERY
PUBLIC_21d0dfa2cb612e010eb1273b,DriveClarify,TASK_DIVERGENT,ASK,1,,1,0,0,IMMEDIATE_QUERY
PUBLIC_738eb4f1ab97ea9146703d66,Never Clarify,TASK_EQUIVALENT,ACT,1,K1,1,0,1,NO_CLARIFICATION
PUBLIC_738eb4f1ab97ea9146703d66,Always Clarify,TASK_EQUIVALENT,ASK,1,,1,0,0,IMMEDIATE_QUERY
PUBLIC_738eb4f1ab97ea9146703d66,Ambiguity-Only,TASK_EQUIVALENT,ASK,1,,1,0,0,IMMEDIATE_QUERY
PUBLIC_738eb4f1ab97ea9146703d66,Trajectory-Distance,TASK_EQUIVALENT,ACT,1,K1,1,0,1,NO_CLARIFICATION
PUBLIC_738eb4f1ab97ea9146703d66,Random-Query@matched-rate,TASK_EQUIVALENT,ACT,2/3,K1,1,0,1,NO_CLARIFICATION
PUBLIC_738eb4f1ab97ea9146703d66,Random-Query@matched-rate,TASK_EQUIVALENT,ASK,1/3,,1,0,0,IMMEDIATE_QUERY
PUBLIC_738eb4f1ab97ea9146703d66,DriveClarify,TASK_EQUIVALENT,ACT,1,K1,1,0,1,NO_CLARIFICATION
PUBLIC_598555df3c17b61fd1ff2145,Never Clarify,TASK_EQUIVALENT,ACT,1,K1,1,0,1,NO_CLARIFICATION
PUBLIC_598555df3c17b61fd1ff2145,Always Clarify,TASK_EQUIVALENT,ASK,1,,1,0,0,IMMEDIATE_QUERY
PUBLIC_598555df3c17b61fd1ff2145,Ambiguity-Only,TASK_EQUIVALENT,ASK,1,,1,0,0,IMMEDIATE_QUERY
PUBLIC_598555df3c17b61fd1ff2145,Trajectory-Distance,TASK_EQUIVALENT,ACT,1,K1,1,0,1,NO_CLARIFICATION
PUBLIC_598555df3c17b61fd1ff2145,Random-Query@matched-rate,TASK_EQUIVALENT,ACT,2/3,K1,1,0,1,NO_CLARIFICATION
PUBLIC_598555df3c17b61fd1ff2145,Random-Query@matched-rate,TASK_EQUIVALENT,ASK,1/3,,1,0,0,IMMEDIATE_QUERY
PUBLIC_598555df3c17b61fd1ff2145,DriveClarify,TASK_EQUIVALENT,ACT,1,K1,1,0,1,NO_CLARIFICATION
PUBLIC_c96bff6d080872ff5c4df074,Never Clarify,TASK_EQUIVALENT,ACT,1,K1,1,0,1,NO_CLARIFICATION
PUBLIC_c96bff6d080872ff5c4df074,Always Clarify,TASK_EQUIVALENT,ASK,1,,1,0,0,IMMEDIATE_QUERY
PUBLIC_c96bff6d080872ff5c4df074,Ambiguity-Only,TASK_EQUIVALENT,ASK,1,,1,0,0,IMMEDIATE_QUERY
PUBLIC_c96bff6d080872ff5c4df074,Trajectory-Distance,TASK_EQUIVALENT,ACT,1,K1,1,0,1,NO_CLARIFICATION
PUBLIC_c96bff6d080872ff5c4df074,Random-Query@matched-rate,TASK_EQUIVALENT,ACT,2/3,K1,1,0,1,NO_CLARIFICATION
PUBLIC_c96bff6d080872ff5c4df074,Random-Query@matched-rate,TASK_EQUIVALENT,ASK,1/3,,1,0,0,IMMEDIATE_QUERY
PUBLIC_c96bff6d080872ff5c4df074,DriveClarify,TASK_EQUIVALENT,ACT,1,K1,1,0,1,NO_CLARIFICATION
PUBLIC_03f1b3c6b45ef2509e8c57e4,Never Clarify,TASK_EQUIVALENT,ACT,1,K1,1,0,1,NO_CLARIFICATION
PUBLIC_03f1b3c6b45ef2509e8c57e4,Always Clarify,TASK_EQUIVALENT,ASK,1,,1,0,0,IMMEDIATE_QUERY
PUBLIC_03f1b3c6b45ef2509e8c57e4,Ambiguity-Only,TASK_EQUIVALENT,ASK,1,,1,0,0,IMMEDIATE_QUERY
PUBLIC_03f1b3c6b45ef2509e8c57e4,Trajectory-Distance,TASK_EQUIVALENT,ACT,1,K1,1,0,1,NO_CLARIFICATION
PUBLIC_03f1b3c6b45ef2509e8c57e4,Random-Query@matched-rate,TASK_EQUIVALENT,ACT,2/3,K1,1,0,1,NO_CLARIFICATION
PUBLIC_03f1b3c6b45ef2509e8c57e4,Random-Query@matched-rate,TASK_EQUIVALENT,ASK,1/3,,1,0,0,IMMEDIATE_QUERY
PUBLIC_03f1b3c6b45ef2509e8c57e4,DriveClarify,TASK_EQUIVALENT,ACT,1,K1,1,0,1,NO_CLARIFICATION
PUBLIC_ccfcb3fbbdda31c61e6fd5c8,Never Clarify,TASK_DIVERGENT,ACT,1,K1,1/2,1/2,0,NO_CLARIFICATION
PUBLIC_ccfcb3fbbdda31c61e6fd5c8,Always Clarify,TASK_DIVERGENT,ASK,1,,1,0,0,IMMEDIATE_QUERY
PUBLIC_ccfcb3fbbdda31c61e6fd5c8,Ambiguity-Only,TASK_DIVERGENT,ASK,1,,1,0,0,IMMEDIATE_QUERY
PUBLIC_ccfcb3fbbdda31c61e6fd5c8,Trajectory-Distance,TASK_DIVERGENT,ACT,1,K1,1/2,1/2,0,NO_CLARIFICATION
PUBLIC_ccfcb3fbbdda31c61e6fd5c8,Random-Query@matched-rate,TASK_DIVERGENT,ACT,2/3,K1,1/2,1/2,0,NO_CLARIFICATION
PUBLIC_ccfcb3fbbdda31c61e6fd5c8,Random-Query@matched-rate,TASK_DIVERGENT,ASK,1/3,,1,0,0,IMMEDIATE_QUERY
PUBLIC_ccfcb3fbbdda31c61e6fd5c8,DriveClarify,TASK_DIVERGENT,ASK,1,,1,0,0,IMMEDIATE_QUERY
PUBLIC_c4c9ebeaf0e49eef29cb4c4e,Never Clarify,TASK_DIVERGENT,ACT,1,K1,1/2,1/2,0,NO_CLARIFICATION
PUBLIC_c4c9ebeaf0e49eef29cb4c4e,Always Clarify,TASK_DIVERGENT,ASK,1,,1,0,0,IMMEDIATE_QUERY
PUBLIC_c4c9ebeaf0e49eef29cb4c4e,Ambiguity-Only,TASK_DIVERGENT,ASK,1,,1,0,0,IMMEDIATE_QUERY
PUBLIC_c4c9ebeaf0e49eef29cb4c4e,Trajectory-Distance,TASK_DIVERGENT,ACT,1,K1,1/2,1/2,0,NO_CLARIFICATION
PUBLIC_c4c9ebeaf0e49eef29cb4c4e,Random-Query@matched-rate,TASK_DIVERGENT,ACT,2/3,K1,1/2,1/2,0,NO_CLARIFICATION
PUBLIC_c4c9ebeaf0e49eef29cb4c4e,Random-Query@matched-rate,TASK_DIVERGENT,ASK,1/3,,1,0,0,IMMEDIATE_QUERY
PUBLIC_c4c9ebeaf0e49eef29cb4c4e,DriveClarify,TASK_DIVERGENT,ASK,1,,1,0,0,IMMEDIATE_QUERY
PUBLIC_e92c52a540fbf67e830356c8,Never Clarify,TASK_EQUIVALENT,ACT,1,K1,1,0,1,NO_CLARIFICATION
PUBLIC_e92c52a540fbf67e830356c8,Always Clarify,TASK_EQUIVALENT,ASK,1,,1,0,0,IMMEDIATE_QUERY
PUBLIC_e92c52a540fbf67e830356c8,Ambiguity-Only,TASK_EQUIVALENT,ASK,1,,1,0,0,IMMEDIATE_QUERY
PUBLIC_e92c52a540fbf67e830356c8,Trajectory-Distance,TASK_EQUIVALENT,ACT,1,K1,1,0,1,NO_CLARIFICATION
PUBLIC_e92c52a540fbf67e830356c8,Random-Query@matched-rate,TASK_EQUIVALENT,ACT,2/3,K1,1,0,1,NO_CLARIFICATION
PUBLIC_e92c52a540fbf67e830356c8,Random-Query@matched-rate,TASK_EQUIVALENT,ASK,1/3,,1,0,0,IMMEDIATE_QUERY
PUBLIC_e92c52a540fbf67e830356c8,DriveClarify,TASK_EQUIVALENT,ACT,1,K1,1,0,1,NO_CLARIFICATION
PUBLIC_bee20dc0affe84aebb322b78,Never Clarify,TASK_EQUIVALENT,ACT,1,K1,1,0,1,NO_CLARIFICATION
PUBLIC_bee20dc0affe84aebb322b78,Always Clarify,TASK_EQUIVALENT,ASK,1,,1,0,0,IMMEDIATE_QUERY
PUBLIC_bee20dc0affe84aebb322b78,Ambiguity-Only,TASK_EQUIVALENT,ASK,1,,1,0,0,IMMEDIATE_QUERY
PUBLIC_bee20dc0affe84aebb322b78,Trajectory-Distance,TASK_EQUIVALENT,ACT,1,K1,1,0,1,NO_CLARIFICATION
PUBLIC_bee20dc0affe84aebb322b78,Random-Query@matched-rate,TASK_EQUIVALENT,ACT,2/3,K1,1,0,1,NO_CLARIFICATION
PUBLIC_bee20dc0affe84aebb322b78,Random-Query@matched-rate,TASK_EQUIVALENT,ASK,1/3,,1,0,0,IMMEDIATE_QUERY
PUBLIC_bee20dc0affe84aebb322b78,DriveClarify,TASK_EQUIVALENT,ACT,1,K1,1,0,1,NO_CLARIFICATION
PUBLIC_0eecd4db4c8a2a3204364266,Never Clarify,TASK_DIVERGENT,ACT,1,K1,1/2,1/2,0,NO_CLARIFICATION
PUBLIC_0eecd4db4c8a2a3204364266,Always Clarify,TASK_DIVERGENT,ASK,1,,1,0,0,IMMEDIATE_QUERY
PUBLIC_0eecd4db4c8a2a3204364266,Ambiguity-Only,TASK_DIVERGENT,ASK,1,,1,0,0,IMMEDIATE_QUERY
PUBLIC_0eecd4db4c8a2a3204364266,Trajectory-Distance,TASK_DIVERGENT,ASK,1,,1,0,0,IMMEDIATE_QUERY
PUBLIC_0eecd4db4c8a2a3204364266,Random-Query@matched-rate,TASK_DIVERGENT,ACT,2/3,K1,1/2,1/2,0,NO_CLARIFICATION
PUBLIC_0eecd4db4c8a2a3204364266,Random-Query@matched-rate,TASK_DIVERGENT,ASK,1/3,,1,0,0,IMMEDIATE_QUERY
PUBLIC_0eecd4db4c8a2a3204364266,DriveClarify,TASK_DIVERGENT,ASK,1,,1,0,0,IMMEDIATE_QUERY
PUBLIC_e0a3545c915cf539f125dbdd,Never Clarify,TASK_DIVERGENT,ACT,1,K1,1/2,1/2,0,NO_CLARIFICATION
PUBLIC_e0a3545c915cf539f125dbdd,Always Clarify,TASK_DIVERGENT,ASK,1,,1,0,0,IMMEDIATE_QUERY
PUBLIC_e0a3545c915cf539f125dbdd,Ambiguity-Only,TASK_DIVERGENT,ASK,1,,1,0,0,IMMEDIATE_QUERY
PUBLIC_e0a3545c915cf539f125dbdd,Trajectory-Distance,TASK_DIVERGENT,ACT,1,K1,1/2,1/2,0,NO_CLARIFICATION
PUBLIC_e0a3545c915cf539f125dbdd,Random-Query@matched-rate,TASK_DIVERGENT,ACT,2/3,K1,1/2,1/2,0,NO_CLARIFICATION
PUBLIC_e0a3545c915cf539f125dbdd,Random-Query@matched-rate,TASK_DIVERGENT,ASK,1/3,,1,0,0,IMMEDIATE_QUERY
PUBLIC_e0a3545c915cf539f125dbdd,DriveClarify,TASK_DIVERGENT,ASK,1,,1,0,0,IMMEDIATE_QUERY
PUBLIC_84e3afeb33fd33a59bfbe3a7,Never Clarify,TASK_EQUIVALENT,ACT,1,K1,1,0,1,NO_CLARIFICATION
PUBLIC_84e3afeb33fd33a59bfbe3a7,Always Clarify,TASK_EQUIVALENT,ASK,1,,1,0,0,IMMEDIATE_QUERY
PUBLIC_84e3afeb33fd33a59bfbe3a7,Ambiguity-Only,TASK_EQUIVALENT,ASK,1,,1,0,0,IMMEDIATE_QUERY
PUBLIC_84e3afeb33fd33a59bfbe3a7,Trajectory-Distance,TASK_EQUIVALENT,ACT,1,K1,1,0,1,NO_CLARIFICATION
PUBLIC_84e3afeb33fd33a59bfbe3a7,Random-Query@matched-rate,TASK_EQUIVALENT,ACT,2/3,K1,1,0,1,NO_CLARIFICATION
PUBLIC_84e3afeb33fd33a59bfbe3a7,Random-Query@matched-rate,TASK_EQUIVALENT,ASK,1/3,,1,0,0,IMMEDIATE_QUERY
PUBLIC_84e3afeb33fd33a59bfbe3a7,DriveClarify,TASK_EQUIVALENT,ACT,1,K1,1,0,1,NO_CLARIFICATION
PUBLIC_0199f1ec2a0735ddf24aafee,Never Clarify,TASK_EQUIVALENT,ACT,1,K1,1,0,1,NO_CLARIFICATION
PUBLIC_0199f1ec2a0735ddf24aafee,Always Clarify,TASK_EQUIVALENT,ASK,1,,1,0,0,IMMEDIATE_QUERY
PUBLIC_0199f1ec2a0735ddf24aafee,Ambiguity-Only,TASK_EQUIVALENT,ASK,1,,1,0,0,IMMEDIATE_QUERY
PUBLIC_0199f1ec2a0735ddf24aafee,Trajectory-Distance,TASK_EQUIVALENT,ACT,1,K1,1,0,1,NO_CLARIFICATION
PUBLIC_0199f1ec2a0735ddf24aafee,Random-Query@matched-rate,TASK_EQUIVALENT,ACT,2/3,K1,1,0,1,NO_CLARIFICATION
PUBLIC_0199f1ec2a0735ddf24aafee,Random-Query@matched-rate,TASK_EQUIVALENT,ASK,1/3,,1,0,0,IMMEDIATE_QUERY
PUBLIC_0199f1ec2a0735ddf24aafee,DriveClarify,TASK_EQUIVALENT,ACT,1,K1,1,0,1,NO_CLARIFICATION
PUBLIC_d8a321e30f1ddbdc629f3df0,Never Clarify,TASK_EQUIVALENT,ACT,1,K1,1,0,1,NO_CLARIFICATION
PUBLIC_d8a321e30f1ddbdc629f3df0,Always Clarify,TASK_EQUIVALENT,ASK,1,,1,0,0,IMMEDIATE_QUERY
PUBLIC_d8a321e30f1ddbdc629f3df0,Ambiguity-Only,TASK_EQUIVALENT,ASK,1,,1,0,0,IMMEDIATE_QUERY
PUBLIC_d8a321e30f1ddbdc629f3df0,Trajectory-Distance,TASK_EQUIVALENT,ACT,1,K1,1,0,1,NO_CLARIFICATION
PUBLIC_d8a321e30f1ddbdc629f3df0,Random-Query@matched-rate,TASK_EQUIVALENT,ACT,2/3,K1,1,0,1,NO_CLARIFICATION
PUBLIC_d8a321e30f1ddbdc629f3df0,Random-Query@matched-rate,TASK_EQUIVALENT,ASK,1/3,,1,0,0,IMMEDIATE_QUERY
PUBLIC_d8a321e30f1ddbdc629f3df0,DriveClarify,TASK_EQUIVALENT,ACT,1,K1,1,0,1,NO_CLARIFICATION
PUBLIC_45288dac5073d2adcd9b475a,Never Clarify,TASK_EQUIVALENT,ACT,1,K1,1,0,1,NO_CLARIFICATION
PUBLIC_45288dac5073d2adcd9b475a,Always Clarify,TASK_EQUIVALENT,ASK,1,,1,0,0,IMMEDIATE_QUERY
PUBLIC_45288dac5073d2adcd9b475a,Ambiguity-Only,TASK_EQUIVALENT,ASK,1,,1,0,0,IMMEDIATE_QUERY
PUBLIC_45288dac5073d2adcd9b475a,Trajectory-Distance,TASK_EQUIVALENT,ACT,1,K1,1,0,1,NO_CLARIFICATION
PUBLIC_45288dac5073d2adcd9b475a,Random-Query@matched-rate,TASK_EQUIVALENT,ACT,2/3,K1,1,0,1,NO_CLARIFICATION
PUBLIC_45288dac5073d2adcd9b475a,Random-Query@matched-rate,TASK_EQUIVALENT,ASK,1/3,,1,0,0,IMMEDIATE_QUERY
PUBLIC_45288dac5073d2adcd9b475a,DriveClarify,TASK_EQUIVALENT,ACT,1,K1,1,0,1,NO_CLARIFICATION
PUBLIC_a1846ba02022ec35cdc5f7b0,Never Clarify,TASK_DIVERGENT,ACT,1,K1,1/2,1/2,0,NO_CLARIFICATION
PUBLIC_a1846ba02022ec35cdc5f7b0,Always Clarify,TASK_DIVERGENT,ASK,1,,1,0,0,IMMEDIATE_QUERY
PUBLIC_a1846ba02022ec35cdc5f7b0,Ambiguity-Only,TASK_DIVERGENT,ASK,1,,1,0,0,IMMEDIATE_QUERY
PUBLIC_a1846ba02022ec35cdc5f7b0,Trajectory-Distance,TASK_DIVERGENT,ASK,1,,1,0,0,IMMEDIATE_QUERY
PUBLIC_a1846ba02022ec35cdc5f7b0,Random-Query@matched-rate,TASK_DIVERGENT,ACT,2/3,K1,1/2,1/2,0,NO_CLARIFICATION
PUBLIC_a1846ba02022ec35cdc5f7b0,Random-Query@matched-rate,TASK_DIVERGENT,ASK,1/3,,1,0,0,IMMEDIATE_QUERY
PUBLIC_a1846ba02022ec35cdc5f7b0,DriveClarify,TASK_DIVERGENT,ASK,1,,1,0,0,IMMEDIATE_QUERY
PUBLIC_5ec34518cc7c798bb19f7bde,Never Clarify,TASK_DIVERGENT,ACT,1,K1,1/2,1/2,0,NO_CLARIFICATION
PUBLIC_5ec34518cc7c798bb19f7bde,Always Clarify,TASK_DIVERGENT,ASK,1,,1,0,0,IMMEDIATE_QUERY
PUBLIC_5ec34518cc7c798bb19f7bde,Ambiguity-Only,TASK_DIVERGENT,ASK,1,,1,0,0,IMMEDIATE_QUERY
PUBLIC_5ec34518cc7c798bb19f7bde,Trajectory-Distance,TASK_DIVERGENT,ASK,1,,1,0,0,IMMEDIATE_QUERY
PUBLIC_5ec34518cc7c798bb19f7bde,Random-Query@matched-rate,TASK_DIVERGENT,ACT,2/3,K1,1/2,1/2,0,NO_CLARIFICATION
PUBLIC_5ec34518cc7c798bb19f7bde,Random-Query@matched-rate,TASK_DIVERGENT,ASK,1/3,,1,0,0,IMMEDIATE_QUERY
PUBLIC_5ec34518cc7c798bb19f7bde,DriveClarify,TASK_DIVERGENT,ASK,1,,1,0,0,IMMEDIATE_QUERY
PUBLIC_e5264cfb0c84c4846c5e3670,Never Clarify,TASK_EQUIVALENT,ACT,1,K1,1,0,1,NO_CLARIFICATION
PUBLIC_e5264cfb0c84c4846c5e3670,Always Clarify,TASK_EQUIVALENT,ASK,1,,1,0,0,IMMEDIATE_QUERY
PUBLIC_e5264cfb0c84c4846c5e3670,Ambiguity-Only,TASK_EQUIVALENT,ASK,1,,1,0,0,IMMEDIATE_QUERY
PUBLIC_e5264cfb0c84c4846c5e3670,Trajectory-Distance,TASK_EQUIVALENT,ACT,1,K1,1,0,1,NO_CLARIFICATION
PUBLIC_e5264cfb0c84c4846c5e3670,Random-Query@matched-rate,TASK_EQUIVALENT,ACT,2/3,K1,1,0,1,NO_CLARIFICATION
PUBLIC_e5264cfb0c84c4846c5e3670,Random-Query@matched-rate,TASK_EQUIVALENT,ASK,1/3,,1,0,0,IMMEDIATE_QUERY
PUBLIC_e5264cfb0c84c4846c5e3670,DriveClarify,TASK_EQUIVALENT,ACT,1,K1,1,0,1,NO_CLARIFICATION
PUBLIC_b59161059e0884aa343185e1,Never Clarify,TASK_EQUIVALENT,ACT,1,K1,1,0,1,NO_CLARIFICATION
PUBLIC_b59161059e0884aa343185e1,Always Clarify,TASK_EQUIVALENT,ASK,1,,1,0,0,IMMEDIATE_QUERY
PUBLIC_b59161059e0884aa343185e1,Ambiguity-Only,TASK_EQUIVALENT,ASK,1,,1,0,0,IMMEDIATE_QUERY
PUBLIC_b59161059e0884aa343185e1,Trajectory-Distance,TASK_EQUIVALENT,ACT,1,K1,1,0,1,NO_CLARIFICATION
PUBLIC_b59161059e0884aa343185e1,Random-Query@matched-rate,TASK_EQUIVALENT,ACT,2/3,K1,1,0,1,NO_CLARIFICATION
PUBLIC_b59161059e0884aa343185e1,Random-Query@matched-rate,TASK_EQUIVALENT,ASK,1/3,,1,0,0,IMMEDIATE_QUERY
PUBLIC_b59161059e0884aa343185e1,DriveClarify,TASK_EQUIVALENT,ACT,1,K1,1,0,1,NO_CLARIFICATION
PUBLIC_0d25c3771a9571f06679f930,Never Clarify,TASK_EQUIVALENT,ACT,1,K1,1,0,1,NO_CLARIFICATION
PUBLIC_0d25c3771a9571f06679f930,Always Clarify,TASK_EQUIVALENT,ASK,1,,1,0,0,IMMEDIATE_QUERY
PUBLIC_0d25c3771a9571f06679f930,Ambiguity-Only,TASK_EQUIVALENT,ASK,1,,1,0,0,IMMEDIATE_QUERY
PUBLIC_0d25c3771a9571f06679f930,Trajectory-Distance,TASK_EQUIVALENT,ACT,1,K1,1,0,1,NO_CLARIFICATION
PUBLIC_0d25c3771a9571f06679f930,Random-Query@matched-rate,TASK_EQUIVALENT,ACT,2/3,K1,1,0,1,NO_CLARIFICATION
PUBLIC_0d25c3771a9571f06679f930,Random-Query@matched-rate,TASK_EQUIVALENT,ASK,1/3,,1,0,0,IMMEDIATE_QUERY
PUBLIC_0d25c3771a9571f06679f930,DriveClarify,TASK_EQUIVALENT,ACT,1,K1,1,0,1,NO_CLARIFICATION
PUBLIC_480cd83272a6a6f732d3ecec,Never Clarify,TASK_EQUIVALENT,ACT,1,K1,1,0,1,NO_CLARIFICATION
PUBLIC_480cd83272a6a6f732d3ecec,Always Clarify,TASK_EQUIVALENT,ASK,1,,1,0,0,IMMEDIATE_QUERY
PUBLIC_480cd83272a6a6f732d3ecec,Ambiguity-Only,TASK_EQUIVALENT,ASK,1,,1,0,0,IMMEDIATE_QUERY
PUBLIC_480cd83272a6a6f732d3ecec,Trajectory-Distance,TASK_EQUIVALENT,ACT,1,K1,1,0,1,NO_CLARIFICATION
PUBLIC_480cd83272a6a6f732d3ecec,Random-Query@matched-rate,TASK_EQUIVALENT,ACT,2/3,K1,1,0,1,NO_CLARIFICATION
PUBLIC_480cd83272a6a6f732d3ecec,Random-Query@matched-rate,TASK_EQUIVALENT,ASK,1/3,,1,0,0,IMMEDIATE_QUERY
PUBLIC_480cd83272a6a6f732d3ecec,DriveClarify,TASK_EQUIVALENT,ACT,1,K1,1,0,1,NO_CLARIFICATION
PUBLIC_27b9b1fb683ebda7a9a365b4,Never Clarify,TASK_EQUIVALENT,ACT,1,K1,1,0,1,NO_CLARIFICATION
PUBLIC_27b9b1fb683ebda7a9a365b4,Always Clarify,TASK_EQUIVALENT,ASK,1,,1,0,0,IMMEDIATE_QUERY
PUBLIC_27b9b1fb683ebda7a9a365b4,Ambiguity-Only,TASK_EQUIVALENT,ASK,1,,1,0,0,IMMEDIATE_QUERY
PUBLIC_27b9b1fb683ebda7a9a365b4,Trajectory-Distance,TASK_EQUIVALENT,ASK,1,,1,0,0,IMMEDIATE_QUERY
PUBLIC_27b9b1fb683ebda7a9a365b4,Random-Query@matched-rate,TASK_EQUIVALENT,ACT,2/3,K1,1,0,1,NO_CLARIFICATION
PUBLIC_27b9b1fb683ebda7a9a365b4,Random-Query@matched-rate,TASK_EQUIVALENT,ASK,1/3,,1,0,0,IMMEDIATE_QUERY
PUBLIC_27b9b1fb683ebda7a9a365b4,DriveClarify,TASK_EQUIVALENT,ACT,1,K1,1,0,1,NO_CLARIFICATION
PUBLIC_ded91ceb01373f16f1337c99,Never Clarify,TASK_EQUIVALENT,ACT,1,K1,1,0,1,NO_CLARIFICATION
PUBLIC_ded91ceb01373f16f1337c99,Always Clarify,TASK_EQUIVALENT,ASK,1,,1,0,0,IMMEDIATE_QUERY
PUBLIC_ded91ceb01373f16f1337c99,Ambiguity-Only,TASK_EQUIVALENT,ASK,1,,1,0,0,IMMEDIATE_QUERY
PUBLIC_ded91ceb01373f16f1337c99,Trajectory-Distance,TASK_EQUIVALENT,ACT,1,K1,1,0,1,NO_CLARIFICATION
PUBLIC_ded91ceb01373f16f1337c99,Random-Query@matched-rate,TASK_EQUIVALENT,ACT,2/3,K1,1,0,1,NO_CLARIFICATION
PUBLIC_ded91ceb01373f16f1337c99,Random-Query@matched-rate,TASK_EQUIVALENT,ASK,1/3,,1,0,0,IMMEDIATE_QUERY
PUBLIC_ded91ceb01373f16f1337c99,DriveClarify,TASK_EQUIVALENT,ACT,1,K1,1,0,1,NO_CLARIFICATION
PUBLIC_3252dbf45051c04caa71563b,Never Clarify,TASK_DIVERGENT,ACT,1,K1,1/2,1/2,0,NO_CLARIFICATION
PUBLIC_3252dbf45051c04caa71563b,Always Clarify,TASK_DIVERGENT,ASK,1,,1,0,0,IMMEDIATE_QUERY
PUBLIC_3252dbf45051c04caa71563b,Ambiguity-Only,TASK_DIVERGENT,ASK,1,,1,0,0,IMMEDIATE_QUERY
PUBLIC_3252dbf45051c04caa71563b,Trajectory-Distance,TASK_DIVERGENT,ACT,1,K1,1/2,1/2,0,NO_CLARIFICATION
PUBLIC_3252dbf45051c04caa71563b,Random-Query@matched-rate,TASK_DIVERGENT,ACT,2/3,K1,1/2,1/2,0,NO_CLARIFICATION
PUBLIC_3252dbf45051c04caa71563b,Random-Query@matched-rate,TASK_DIVERGENT,ASK,1/3,,1,0,0,IMMEDIATE_QUERY
PUBLIC_3252dbf45051c04caa71563b,DriveClarify,TASK_DIVERGENT,ASK,1,,1,0,0,IMMEDIATE_QUERY
PUBLIC_e1a46d7c47cd515e0ad1bb46,Never Clarify,TASK_DIVERGENT,ACT,1,K1,1/2,1/2,0,NO_CLARIFICATION
PUBLIC_e1a46d7c47cd515e0ad1bb46,Always Clarify,TASK_DIVERGENT,ASK,1,,1,0,0,IMMEDIATE_QUERY
PUBLIC_e1a46d7c47cd515e0ad1bb46,Ambiguity-Only,TASK_DIVERGENT,ASK,1,,1,0,0,IMMEDIATE_QUERY
PUBLIC_e1a46d7c47cd515e0ad1bb46,Trajectory-Distance,TASK_DIVERGENT,ACT,1,K1,1/2,1/2,0,NO_CLARIFICATION
PUBLIC_e1a46d7c47cd515e0ad1bb46,Random-Query@matched-rate,TASK_DIVERGENT,ACT,2/3,K1,1/2,1/2,0,NO_CLARIFICATION
PUBLIC_e1a46d7c47cd515e0ad1bb46,Random-Query@matched-rate,TASK_DIVERGENT,ASK,1/3,,1,0,0,IMMEDIATE_QUERY
PUBLIC_e1a46d7c47cd515e0ad1bb46,DriveClarify,TASK_DIVERGENT,ASK,1,,1,0,0,IMMEDIATE_QUERY
PUBLIC_dfe8153aa35bff0755945d4a,Never Clarify,TASK_EQUIVALENT,ACT,1,K1,1,0,1,NO_CLARIFICATION
PUBLIC_dfe8153aa35bff0755945d4a,Always Clarify,TASK_EQUIVALENT,ASK,1,,1,0,0,IMMEDIATE_QUERY
PUBLIC_dfe8153aa35bff0755945d4a,Ambiguity-Only,TASK_EQUIVALENT,ASK,1,,1,0,0,IMMEDIATE_QUERY
PUBLIC_dfe8153aa35bff0755945d4a,Trajectory-Distance,TASK_EQUIVALENT,ACT,1,K1,1,0,1,NO_CLARIFICATION
PUBLIC_dfe8153aa35bff0755945d4a,Random-Query@matched-rate,TASK_EQUIVALENT,ACT,2/3,K1,1,0,1,NO_CLARIFICATION
PUBLIC_dfe8153aa35bff0755945d4a,Random-Query@matched-rate,TASK_EQUIVALENT,ASK,1/3,,1,0,0,IMMEDIATE_QUERY
PUBLIC_dfe8153aa35bff0755945d4a,DriveClarify,TASK_EQUIVALENT,ACT,1,K1,1,0,1,NO_CLARIFICATION
PUBLIC_a64dfabbaa2bff2e07b61382,Never Clarify,TASK_EQUIVALENT,ACT,1,K1,1,0,1,NO_CLARIFICATION
PUBLIC_a64dfabbaa2bff2e07b61382,Always Clarify,TASK_EQUIVALENT,ASK,1,,1,0,0,IMMEDIATE_QUERY
PUBLIC_a64dfabbaa2bff2e07b61382,Ambiguity-Only,TASK_EQUIVALENT,ASK,1,,1,0,0,IMMEDIATE_QUERY
PUBLIC_a64dfabbaa2bff2e07b61382,Trajectory-Distance,TASK_EQUIVALENT,ACT,1,K1,1,0,1,NO_CLARIFICATION
PUBLIC_a64dfabbaa2bff2e07b61382,Random-Query@matched-rate,TASK_EQUIVALENT,ACT,2/3,K1,1,0,1,NO_CLARIFICATION
PUBLIC_a64dfabbaa2bff2e07b61382,Random-Query@matched-rate,TASK_EQUIVALENT,ASK,1/3,,1,0,0,IMMEDIATE_QUERY
PUBLIC_a64dfabbaa2bff2e07b61382,DriveClarify,TASK_EQUIVALENT,ACT,1,K1,1,0,1,NO_CLARIFICATION
PUBLIC_986e6b6be2a4136090c1ae63,Never Clarify,TASK_EQUIVALENT,ACT,1,K1,1,0,1,NO_CLARIFICATION
PUBLIC_986e6b6be2a4136090c1ae63,Always Clarify,TASK_EQUIVALENT,ASK,1,,1,0,0,IMMEDIATE_QUERY
PUBLIC_986e6b6be2a4136090c1ae63,Ambiguity-Only,TASK_EQUIVALENT,ASK,1,,1,0,0,IMMEDIATE_QUERY
PUBLIC_986e6b6be2a4136090c1ae63,Trajectory-Distance,TASK_EQUIVALENT,ACT,1,K1,1,0,1,NO_CLARIFICATION
PUBLIC_986e6b6be2a4136090c1ae63,Random-Query@matched-rate,TASK_EQUIVALENT,ACT,2/3,K1,1,0,1,NO_CLARIFICATION
PUBLIC_986e6b6be2a4136090c1ae63,Random-Query@matched-rate,TASK_EQUIVALENT,ASK,1/3,,1,0,0,IMMEDIATE_QUERY
PUBLIC_986e6b6be2a4136090c1ae63,DriveClarify,TASK_EQUIVALENT,ACT,1,K1,1,0,1,NO_CLARIFICATION
PUBLIC_de2c4d01ed23bfa31d2d4564,Never Clarify,TASK_EQUIVALENT,ACT,1,K1,1,0,1,NO_CLARIFICATION
PUBLIC_de2c4d01ed23bfa31d2d4564,Always Clarify,TASK_EQUIVALENT,ASK,1,,1,0,0,IMMEDIATE_QUERY
PUBLIC_de2c4d01ed23bfa31d2d4564,Ambiguity-Only,TASK_EQUIVALENT,ASK,1,,1,0,0,IMMEDIATE_QUERY
PUBLIC_de2c4d01ed23bfa31d2d4564,Trajectory-Distance,TASK_EQUIVALENT,ACT,1,K1,1,0,1,NO_CLARIFICATION
PUBLIC_de2c4d01ed23bfa31d2d4564,Random-Query@matched-rate,TASK_EQUIVALENT,ACT,2/3,K1,1,0,1,NO_CLARIFICATION
PUBLIC_de2c4d01ed23bfa31d2d4564,Random-Query@matched-rate,TASK_EQUIVALENT,ASK,1/3,,1,0,0,IMMEDIATE_QUERY
PUBLIC_de2c4d01ed23bfa31d2d4564,DriveClarify,TASK_EQUIVALENT,ACT,1,K1,1,0,1,NO_CLARIFICATION
PUBLIC_85bbdc22808bc0617a18c57a,Never Clarify,TASK_DIVERGENT,ACT,1,K1,1/2,1/2,0,NO_CLARIFICATION
PUBLIC_85bbdc22808bc0617a18c57a,Always Clarify,TASK_DIVERGENT,ASK,1,,1,0,0,IMMEDIATE_QUERY
PUBLIC_85bbdc22808bc0617a18c57a,Ambiguity-Only,TASK_DIVERGENT,ASK,1,,1,0,0,IMMEDIATE_QUERY
PUBLIC_85bbdc22808bc0617a18c57a,Trajectory-Distance,TASK_DIVERGENT,ACT,1,K1,1/2,1/2,0,NO_CLARIFICATION
PUBLIC_85bbdc22808bc0617a18c57a,Random-Query@matched-rate,TASK_DIVERGENT,ACT,2/3,K1,1/2,1/2,0,NO_CLARIFICATION
PUBLIC_85bbdc22808bc0617a18c57a,Random-Query@matched-rate,TASK_DIVERGENT,ASK,1/3,,1,0,0,IMMEDIATE_QUERY
PUBLIC_85bbdc22808bc0617a18c57a,DriveClarify,TASK_DIVERGENT,ASK,1,,1,0,0,IMMEDIATE_QUERY
PUBLIC_4f9167c2e7566628a9052eac,Never Clarify,TASK_DIVERGENT,ACT,1,K1,1/2,1/2,0,NO_CLARIFICATION
PUBLIC_4f9167c2e7566628a9052eac,Always Clarify,TASK_DIVERGENT,ASK,1,,1,0,0,IMMEDIATE_QUERY
PUBLIC_4f9167c2e7566628a9052eac,Ambiguity-Only,TASK_DIVERGENT,ASK,1,,1,0,0,IMMEDIATE_QUERY
PUBLIC_4f9167c2e7566628a9052eac,Trajectory-Distance,TASK_DIVERGENT,ACT,1,K1,1/2,1/2,0,NO_CLARIFICATION
PUBLIC_4f9167c2e7566628a9052eac,Random-Query@matched-rate,TASK_DIVERGENT,ACT,2/3,K1,1/2,1/2,0,NO_CLARIFICATION
PUBLIC_4f9167c2e7566628a9052eac,Random-Query@matched-rate,TASK_DIVERGENT,ASK,1/3,,1,0,0,IMMEDIATE_QUERY
PUBLIC_4f9167c2e7566628a9052eac,DriveClarify,TASK_DIVERGENT,ASK,1,,1,0,0,IMMEDIATE_QUERY
PUBLIC_a72a18271e3975cb8ce1f061,Never Clarify,TASK_EQUIVALENT,ACT,1,K1,1,0,1,NO_CLARIFICATION
PUBLIC_a72a18271e3975cb8ce1f061,Always Clarify,TASK_EQUIVALENT,ASK,1,,1,0,0,IMMEDIATE_QUERY
PUBLIC_a72a18271e3975cb8ce1f061,Ambiguity-Only,TASK_EQUIVALENT,ASK,1,,1,0,0,IMMEDIATE_QUERY
PUBLIC_a72a18271e3975cb8ce1f061,Trajectory-Distance,TASK_EQUIVALENT,ACT,1,K1,1,0,1,NO_CLARIFICATION
PUBLIC_a72a18271e3975cb8ce1f061,Random-Query@matched-rate,TASK_EQUIVALENT,ACT,2/3,K1,1,0,1,NO_CLARIFICATION
PUBLIC_a72a18271e3975cb8ce1f061,Random-Query@matched-rate,TASK_EQUIVALENT,ASK,1/3,,1,0,0,IMMEDIATE_QUERY
PUBLIC_a72a18271e3975cb8ce1f061,DriveClarify,TASK_EQUIVALENT,ACT,1,K1,1,0,1,NO_CLARIFICATION
PUBLIC_c7b8cd8c4d986a2866fbe08d,Never Clarify,TASK_EQUIVALENT,ACT,1,K1,1,0,1,NO_CLARIFICATION
PUBLIC_c7b8cd8c4d986a2866fbe08d,Always Clarify,TASK_EQUIVALENT,ASK,1,,1,0,0,IMMEDIATE_QUERY
PUBLIC_c7b8cd8c4d986a2866fbe08d,Ambiguity-Only,TASK_EQUIVALENT,ASK,1,,1,0,0,IMMEDIATE_QUERY
PUBLIC_c7b8cd8c4d986a2866fbe08d,Trajectory-Distance,TASK_EQUIVALENT,ACT,1,K1,1,0,1,NO_CLARIFICATION
PUBLIC_c7b8cd8c4d986a2866fbe08d,Random-Query@matched-rate,TASK_EQUIVALENT,ACT,2/3,K1,1,0,1,NO_CLARIFICATION
PUBLIC_c7b8cd8c4d986a2866fbe08d,Random-Query@matched-rate,TASK_EQUIVALENT,ASK,1/3,,1,0,0,IMMEDIATE_QUERY
PUBLIC_c7b8cd8c4d986a2866fbe08d,DriveClarify,TASK_EQUIVALENT,ACT,1,K1,1,0,1,NO_CLARIFICATION
PUBLIC_da82ee45cf40519a880a1bf3,Never Clarify,TASK_DIVERGENT,ACT,1,K1,1/2,1/2,0,NO_CLARIFICATION
PUBLIC_da82ee45cf40519a880a1bf3,Always Clarify,TASK_DIVERGENT,ASK,1,,1,0,0,IMMEDIATE_QUERY
PUBLIC_da82ee45cf40519a880a1bf3,Ambiguity-Only,TASK_DIVERGENT,ASK,1,,1,0,0,IMMEDIATE_QUERY
PUBLIC_da82ee45cf40519a880a1bf3,Trajectory-Distance,TASK_DIVERGENT,ACT,1,K1,1/2,1/2,0,NO_CLARIFICATION
PUBLIC_da82ee45cf40519a880a1bf3,Random-Query@matched-rate,TASK_DIVERGENT,ACT,2/3,K1,1/2,1/2,0,NO_CLARIFICATION
PUBLIC_da82ee45cf40519a880a1bf3,Random-Query@matched-rate,TASK_DIVERGENT,ASK,1/3,,1,0,0,IMMEDIATE_QUERY
PUBLIC_da82ee45cf40519a880a1bf3,DriveClarify,TASK_DIVERGENT,ASK,1,,1,0,0,IMMEDIATE_QUERY
PUBLIC_447146a6746e730fa99eda74,Never Clarify,TASK_DIVERGENT,ACT,1,K1,1/2,1/2,0,NO_CLARIFICATION
PUBLIC_447146a6746e730fa99eda74,Always Clarify,TASK_DIVERGENT,ASK,1,,1,0,0,IMMEDIATE_QUERY
PUBLIC_447146a6746e730fa99eda74,Ambiguity-Only,TASK_DIVERGENT,ASK,1,,1,0,0,IMMEDIATE_QUERY
PUBLIC_447146a6746e730fa99eda74,Trajectory-Distance,TASK_DIVERGENT,ACT,1,K1,1/2,1/2,0,NO_CLARIFICATION
PUBLIC_447146a6746e730fa99eda74,Random-Query@matched-rate,TASK_DIVERGENT,ACT,2/3,K1,1/2,1/2,0,NO_CLARIFICATION
PUBLIC_447146a6746e730fa99eda74,Random-Query@matched-rate,TASK_DIVERGENT,ASK,1/3,,1,0,0,IMMEDIATE_QUERY
PUBLIC_447146a6746e730fa99eda74,DriveClarify,TASK_DIVERGENT,ASK,1,,1,0,0,IMMEDIATE_QUERY
PUBLIC_6943cbfc9dad4f669a865a55,Never Clarify,TASK_EQUIVALENT,ACT,1,K1,1,0,1,NO_CLARIFICATION
PUBLIC_6943cbfc9dad4f669a865a55,Always Clarify,TASK_EQUIVALENT,ASK,1,,1,0,0,IMMEDIATE_QUERY
PUBLIC_6943cbfc9dad4f669a865a55,Ambiguity-Only,TASK_EQUIVALENT,ASK,1,,1,0,0,IMMEDIATE_QUERY
PUBLIC_6943cbfc9dad4f669a865a55,Trajectory-Distance,TASK_EQUIVALENT,ASK,1,,1,0,0,IMMEDIATE_QUERY
PUBLIC_6943cbfc9dad4f669a865a55,Random-Query@matched-rate,TASK_EQUIVALENT,ACT,2/3,K1,1,0,1,NO_CLARIFICATION
PUBLIC_6943cbfc9dad4f669a865a55,Random-Query@matched-rate,TASK_EQUIVALENT,ASK,1/3,,1,0,0,IMMEDIATE_QUERY
PUBLIC_6943cbfc9dad4f669a865a55,DriveClarify,TASK_EQUIVALENT,ACT,1,K1,1,0,1,NO_CLARIFICATION
PUBLIC_4789fe4be593ace1545bc4a0,Never Clarify,TASK_EQUIVALENT,ACT,1,K1,1,0,1,NO_CLARIFICATION
PUBLIC_4789fe4be593ace1545bc4a0,Always Clarify,TASK_EQUIVALENT,ASK,1,,1,0,0,IMMEDIATE_QUERY
PUBLIC_4789fe4be593ace1545bc4a0,Ambiguity-Only,TASK_EQUIVALENT,ASK,1,,1,0,0,IMMEDIATE_QUERY
PUBLIC_4789fe4be593ace1545bc4a0,Trajectory-Distance,TASK_EQUIVALENT,ASK,1,,1,0,0,IMMEDIATE_QUERY
PUBLIC_4789fe4be593ace1545bc4a0,Random-Query@matched-rate,TASK_EQUIVALENT,ACT,2/3,K1,1,0,1,NO_CLARIFICATION
PUBLIC_4789fe4be593ace1545bc4a0,Random-Query@matched-rate,TASK_EQUIVALENT,ASK,1/3,,1,0,0,IMMEDIATE_QUERY
PUBLIC_4789fe4be593ace1545bc4a0,DriveClarify,TASK_EQUIVALENT,ACT,1,K1,1,0,1,NO_CLARIFICATION
PUBLIC_1540588c85e99a8dc3b65879,Never Clarify,TASK_EQUIVALENT,ACT,1,K1,1,0,1,NO_CLARIFICATION
PUBLIC_1540588c85e99a8dc3b65879,Always Clarify,TASK_EQUIVALENT,ASK,1,,1,0,0,IMMEDIATE_QUERY
PUBLIC_1540588c85e99a8dc3b65879,Ambiguity-Only,TASK_EQUIVALENT,ASK,1,,1,0,0,IMMEDIATE_QUERY
PUBLIC_1540588c85e99a8dc3b65879,Trajectory-Distance,TASK_EQUIVALENT,ASK,1,,1,0,0,IMMEDIATE_QUERY
PUBLIC_1540588c85e99a8dc3b65879,Random-Query@matched-rate,TASK_EQUIVALENT,ACT,2/3,K1,1,0,1,NO_CLARIFICATION
PUBLIC_1540588c85e99a8dc3b65879,Random-Query@matched-rate,TASK_EQUIVALENT,ASK,1/3,,1,0,0,IMMEDIATE_QUERY
PUBLIC_1540588c85e99a8dc3b65879,DriveClarify,TASK_EQUIVALENT,ACT,1,K1,1,0,1,NO_CLARIFICATION
PUBLIC_38aa22ae508e2c99cb62e594,Never Clarify,TASK_EQUIVALENT,ACT,1,K1,1,0,1,NO_CLARIFICATION
PUBLIC_38aa22ae508e2c99cb62e594,Always Clarify,TASK_EQUIVALENT,ASK,1,,1,0,0,IMMEDIATE_QUERY
PUBLIC_38aa22ae508e2c99cb62e594,Ambiguity-Only,TASK_EQUIVALENT,ASK,1,,1,0,0,IMMEDIATE_QUERY
PUBLIC_38aa22ae508e2c99cb62e594,Trajectory-Distance,TASK_EQUIVALENT,ASK,1,,1,0,0,IMMEDIATE_QUERY
PUBLIC_38aa22ae508e2c99cb62e594,Random-Query@matched-rate,TASK_EQUIVALENT,ACT,2/3,K1,1,0,1,NO_CLARIFICATION
PUBLIC_38aa22ae508e2c99cb62e594,Random-Query@matched-rate,TASK_EQUIVALENT,ASK,1/3,,1,0,0,IMMEDIATE_QUERY
PUBLIC_38aa22ae508e2c99cb62e594,DriveClarify,TASK_EQUIVALENT,ACT,1,K1,1,0,1,NO_CLARIFICATION
PUBLIC_bf1fef16468bcfd86f535b77,Never Clarify,TASK_EQUIVALENT,ACT,1,K1,1,0,1,NO_CLARIFICATION
PUBLIC_bf1fef16468bcfd86f535b77,Always Clarify,TASK_EQUIVALENT,ASK,1,,1,0,0,IMMEDIATE_QUERY
PUBLIC_bf1fef16468bcfd86f535b77,Ambiguity-Only,TASK_EQUIVALENT,ASK,1,,1,0,0,IMMEDIATE_QUERY
PUBLIC_bf1fef16468bcfd86f535b77,Trajectory-Distance,TASK_EQUIVALENT,ASK,1,,1,0,0,IMMEDIATE_QUERY
PUBLIC_bf1fef16468bcfd86f535b77,Random-Query@matched-rate,TASK_EQUIVALENT,ACT,2/3,K1,1,0,1,NO_CLARIFICATION
PUBLIC_bf1fef16468bcfd86f535b77,Random-Query@matched-rate,TASK_EQUIVALENT,ASK,1/3,,1,0,0,IMMEDIATE_QUERY
PUBLIC_bf1fef16468bcfd86f535b77,DriveClarify,TASK_EQUIVALENT,ACT,1,K1,1,0,1,NO_CLARIFICATION
PUBLIC_7d54e7c9dce9040eedf6240f,Never Clarify,TASK_EQUIVALENT,ACT,1,K1,1,0,1,NO_CLARIFICATION
PUBLIC_7d54e7c9dce9040eedf6240f,Always Clarify,TASK_EQUIVALENT,ASK,1,,1,0,0,IMMEDIATE_QUERY
PUBLIC_7d54e7c9dce9040eedf6240f,Ambiguity-Only,TASK_EQUIVALENT,ASK,1,,1,0,0,IMMEDIATE_QUERY
PUBLIC_7d54e7c9dce9040eedf6240f,Trajectory-Distance,TASK_EQUIVALENT,ACT,1,K1,1,0,1,NO_CLARIFICATION
PUBLIC_7d54e7c9dce9040eedf6240f,Random-Query@matched-rate,TASK_EQUIVALENT,ACT,2/3,K1,1,0,1,NO_CLARIFICATION
PUBLIC_7d54e7c9dce9040eedf6240f,Random-Query@matched-rate,TASK_EQUIVALENT,ASK,1/3,,1,0,0,IMMEDIATE_QUERY
PUBLIC_7d54e7c9dce9040eedf6240f,DriveClarify,TASK_EQUIVALENT,ACT,1,K1,1,0,1,NO_CLARIFICATION
PUBLIC_8a703ad0de19c1add81694cb,Never Clarify,TASK_DIVERGENT,ACT,1,K1,1/2,1/2,0,NO_CLARIFICATION
PUBLIC_8a703ad0de19c1add81694cb,Always Clarify,TASK_DIVERGENT,ASK,1,,1,0,0,IMMEDIATE_QUERY
PUBLIC_8a703ad0de19c1add81694cb,Ambiguity-Only,TASK_DIVERGENT,ASK,1,,1,0,0,IMMEDIATE_QUERY
PUBLIC_8a703ad0de19c1add81694cb,Trajectory-Distance,TASK_DIVERGENT,ACT,1,K1,1/2,1/2,0,NO_CLARIFICATION
PUBLIC_8a703ad0de19c1add81694cb,Random-Query@matched-rate,TASK_DIVERGENT,ACT,2/3,K1,1/2,1/2,0,NO_CLARIFICATION
PUBLIC_8a703ad0de19c1add81694cb,Random-Query@matched-rate,TASK_DIVERGENT,ASK,1/3,,1,0,0,IMMEDIATE_QUERY
PUBLIC_8a703ad0de19c1add81694cb,DriveClarify,TASK_DIVERGENT,ASK,1,,1,0,0,IMMEDIATE_QUERY
PUBLIC_6f2946a8bdf3c52903510e3c,Never Clarify,TASK_DIVERGENT,ACT,1,K1,1/2,1/2,0,NO_CLARIFICATION
PUBLIC_6f2946a8bdf3c52903510e3c,Always Clarify,TASK_DIVERGENT,ASK,1,,1,0,0,IMMEDIATE_QUERY
PUBLIC_6f2946a8bdf3c52903510e3c,Ambiguity-Only,TASK_DIVERGENT,ASK,1,,1,0,0,IMMEDIATE_QUERY
PUBLIC_6f2946a8bdf3c52903510e3c,Trajectory-Distance,TASK_DIVERGENT,ACT,1,K1,1/2,1/2,0,NO_CLARIFICATION
PUBLIC_6f2946a8bdf3c52903510e3c,Random-Query@matched-rate,TASK_DIVERGENT,ACT,2/3,K1,1/2,1/2,0,NO_CLARIFICATION
PUBLIC_6f2946a8bdf3c52903510e3c,Random-Query@matched-rate,TASK_DIVERGENT,ASK,1/3,,1,0,0,IMMEDIATE_QUERY
PUBLIC_6f2946a8bdf3c52903510e3c,DriveClarify,TASK_DIVERGENT,ASK,1,,1,0,0,IMMEDIATE_QUERY
PUBLIC_3061bcdb0b9874fe0745a820,Never Clarify,TASK_EQUIVALENT,ACT,1,K1,1,0,1,NO_CLARIFICATION
PUBLIC_3061bcdb0b9874fe0745a820,Always Clarify,TASK_EQUIVALENT,ASK,1,,1,0,0,IMMEDIATE_QUERY
PUBLIC_3061bcdb0b9874fe0745a820,Ambiguity-Only,TASK_EQUIVALENT,ASK,1,,1,0,0,IMMEDIATE_QUERY
PUBLIC_3061bcdb0b9874fe0745a820,Trajectory-Distance,TASK_EQUIVALENT,ACT,1,K1,1,0,1,NO_CLARIFICATION
PUBLIC_3061bcdb0b9874fe0745a820,Random-Query@matched-rate,TASK_EQUIVALENT,ACT,2/3,K1,1,0,1,NO_CLARIFICATION
PUBLIC_3061bcdb0b9874fe0745a820,Random-Query@matched-rate,TASK_EQUIVALENT,ASK,1/3,,1,0,0,IMMEDIATE_QUERY
PUBLIC_3061bcdb0b9874fe0745a820,DriveClarify,TASK_EQUIVALENT,ACT,1,K1,1,0,1,NO_CLARIFICATION
PUBLIC_f6bcee4f9f98b38e7fb71f61,Never Clarify,TASK_EQUIVALENT,ACT,1,K1,1,0,1,NO_CLARIFICATION
PUBLIC_f6bcee4f9f98b38e7fb71f61,Always Clarify,TASK_EQUIVALENT,ASK,1,,1,0,0,IMMEDIATE_QUERY
PUBLIC_f6bcee4f9f98b38e7fb71f61,Ambiguity-Only,TASK_EQUIVALENT,ASK,1,,1,0,0,IMMEDIATE_QUERY
PUBLIC_f6bcee4f9f98b38e7fb71f61,Trajectory-Distance,TASK_EQUIVALENT,ACT,1,K1,1,0,1,NO_CLARIFICATION
PUBLIC_f6bcee4f9f98b38e7fb71f61,Random-Query@matched-rate,TASK_EQUIVALENT,ACT,2/3,K1,1,0,1,NO_CLARIFICATION
PUBLIC_f6bcee4f9f98b38e7fb71f61,Random-Query@matched-rate,TASK_EQUIVALENT,ASK,1/3,,1,0,0,IMMEDIATE_QUERY
PUBLIC_f6bcee4f9f98b38e7fb71f61,DriveClarify,TASK_EQUIVALENT,ACT,1,K1,1,0,1,NO_CLARIFICATION
PUBLIC_6ee556f652e9fe1a0616b047,Never Clarify,TASK_EQUIVALENT,ACT,1,K1,1,0,1,NO_CLARIFICATION
PUBLIC_6ee556f652e9fe1a0616b047,Always Clarify,TASK_EQUIVALENT,ASK,1,,1,0,0,IMMEDIATE_QUERY
PUBLIC_6ee556f652e9fe1a0616b047,Ambiguity-Only,TASK_EQUIVALENT,ASK,1,,1,0,0,IMMEDIATE_QUERY
PUBLIC_6ee556f652e9fe1a0616b047,Trajectory-Distance,TASK_EQUIVALENT,ASK,1,,1,0,0,IMMEDIATE_QUERY
PUBLIC_6ee556f652e9fe1a0616b047,Random-Query@matched-rate,TASK_EQUIVALENT,ACT,2/3,K1,1,0,1,NO_CLARIFICATION
PUBLIC_6ee556f652e9fe1a0616b047,Random-Query@matched-rate,TASK_EQUIVALENT,ASK,1/3,,1,0,0,IMMEDIATE_QUERY
PUBLIC_6ee556f652e9fe1a0616b047,DriveClarify,TASK_EQUIVALENT,ACT,1,K1,1,0,1,NO_CLARIFICATION
PUBLIC_e9b6a53e10b86ef1078e8a86,Never Clarify,TASK_EQUIVALENT,ACT,1,K1,1,0,1,NO_CLARIFICATION
PUBLIC_e9b6a53e10b86ef1078e8a86,Always Clarify,TASK_EQUIVALENT,ASK,1,,1,0,0,IMMEDIATE_QUERY
PUBLIC_e9b6a53e10b86ef1078e8a86,Ambiguity-Only,TASK_EQUIVALENT,ASK,1,,1,0,0,IMMEDIATE_QUERY
PUBLIC_e9b6a53e10b86ef1078e8a86,Trajectory-Distance,TASK_EQUIVALENT,ASK,1,,1,0,0,IMMEDIATE_QUERY
PUBLIC_e9b6a53e10b86ef1078e8a86,Random-Query@matched-rate,TASK_EQUIVALENT,ACT,2/3,K1,1,0,1,NO_CLARIFICATION
PUBLIC_e9b6a53e10b86ef1078e8a86,Random-Query@matched-rate,TASK_EQUIVALENT,ASK,1/3,,1,0,0,IMMEDIATE_QUERY
PUBLIC_e9b6a53e10b86ef1078e8a86,DriveClarify,TASK_EQUIVALENT,ACT,1,K1,1,0,1,NO_CLARIFICATION
PUBLIC_0fabacb3532202b873334e1a,Never Clarify,TASK_DIVERGENT,ACT,1,K1,1/2,1/2,0,NO_CLARIFICATION
PUBLIC_0fabacb3532202b873334e1a,Always Clarify,TASK_DIVERGENT,ASK,1,,1,0,0,IMMEDIATE_QUERY
PUBLIC_0fabacb3532202b873334e1a,Ambiguity-Only,TASK_DIVERGENT,ASK,1,,1,0,0,IMMEDIATE_QUERY
PUBLIC_0fabacb3532202b873334e1a,Trajectory-Distance,TASK_DIVERGENT,ASK,1,,1,0,0,IMMEDIATE_QUERY
PUBLIC_0fabacb3532202b873334e1a,Random-Query@matched-rate,TASK_DIVERGENT,ACT,2/3,K1,1/2,1/2,0,NO_CLARIFICATION
PUBLIC_0fabacb3532202b873334e1a,Random-Query@matched-rate,TASK_DIVERGENT,ASK,1/3,,1,0,0,IMMEDIATE_QUERY
PUBLIC_0fabacb3532202b873334e1a,DriveClarify,TASK_DIVERGENT,ASK,1,,1,0,0,IMMEDIATE_QUERY
PUBLIC_d9d8c16d1662bdc8b93f92e8,Never Clarify,TASK_DIVERGENT,ACT,1,K1,1/2,1/2,0,NO_CLARIFICATION
PUBLIC_d9d8c16d1662bdc8b93f92e8,Always Clarify,TASK_DIVERGENT,ASK,1,,1,0,0,IMMEDIATE_QUERY
PUBLIC_d9d8c16d1662bdc8b93f92e8,Ambiguity-Only,TASK_DIVERGENT,ASK,1,,1,0,0,IMMEDIATE_QUERY
PUBLIC_d9d8c16d1662bdc8b93f92e8,Trajectory-Distance,TASK_DIVERGENT,ASK,1,,1,0,0,IMMEDIATE_QUERY
PUBLIC_d9d8c16d1662bdc8b93f92e8,Random-Query@matched-rate,TASK_DIVERGENT,ACT,2/3,K1,1/2,1/2,0,NO_CLARIFICATION
PUBLIC_d9d8c16d1662bdc8b93f92e8,Random-Query@matched-rate,TASK_DIVERGENT,ASK,1/3,,1,0,0,IMMEDIATE_QUERY
PUBLIC_d9d8c16d1662bdc8b93f92e8,DriveClarify,TASK_DIVERGENT,ASK,1,,1,0,0,IMMEDIATE_QUERY
PUBLIC_b9b80be5f6dec4d1be1cc6b9,Never Clarify,TASK_EQUIVALENT,ACT,1,K1,1,0,1,NO_CLARIFICATION
PUBLIC_b9b80be5f6dec4d1be1cc6b9,Always Clarify,TASK_EQUIVALENT,ASK,1,,1,0,0,IMMEDIATE_QUERY
PUBLIC_b9b80be5f6dec4d1be1cc6b9,Ambiguity-Only,TASK_EQUIVALENT,ASK,1,,1,0,0,IMMEDIATE_QUERY
PUBLIC_b9b80be5f6dec4d1be1cc6b9,Trajectory-Distance,TASK_EQUIVALENT,ASK,1,,1,0,0,IMMEDIATE_QUERY
PUBLIC_b9b80be5f6dec4d1be1cc6b9,Random-Query@matched-rate,TASK_EQUIVALENT,ACT,2/3,K1,1,0,1,NO_CLARIFICATION
PUBLIC_b9b80be5f6dec4d1be1cc6b9,Random-Query@matched-rate,TASK_EQUIVALENT,ASK,1/3,,1,0,0,IMMEDIATE_QUERY
PUBLIC_b9b80be5f6dec4d1be1cc6b9,DriveClarify,TASK_EQUIVALENT,ACT,1,K1,1,0,1,NO_CLARIFICATION
PUBLIC_58f9a127b2d049a1b4863478,Never Clarify,TASK_EQUIVALENT,ACT,1,K1,1,0,1,NO_CLARIFICATION
PUBLIC_58f9a127b2d049a1b4863478,Always Clarify,TASK_EQUIVALENT,ASK,1,,1,0,0,IMMEDIATE_QUERY
PUBLIC_58f9a127b2d049a1b4863478,Ambiguity-Only,TASK_EQUIVALENT,ASK,1,,1,0,0,IMMEDIATE_QUERY
PUBLIC_58f9a127b2d049a1b4863478,Trajectory-Distance,TASK_EQUIVALENT,ASK,1,,1,0,0,IMMEDIATE_QUERY
PUBLIC_58f9a127b2d049a1b4863478,Random-Query@matched-rate,TASK_EQUIVALENT,ACT,2/3,K1,1,0,1,NO_CLARIFICATION
PUBLIC_58f9a127b2d049a1b4863478,Random-Query@matched-rate,TASK_EQUIVALENT,ASK,1/3,,1,0,0,IMMEDIATE_QUERY
PUBLIC_58f9a127b2d049a1b4863478,DriveClarify,TASK_EQUIVALENT,ACT,1,K1,1,0,1,NO_CLARIFICATION
PUBLIC_38a413439a74f966c29aa42a,Never Clarify,TASK_DIVERGENT,ACT,1,K1,1/2,1/2,0,NO_CLARIFICATION
PUBLIC_38a413439a74f966c29aa42a,Always Clarify,TASK_DIVERGENT,ASK,1,,1,0,0,IMMEDIATE_QUERY
PUBLIC_38a413439a74f966c29aa42a,Ambiguity-Only,TASK_DIVERGENT,ASK,1,,1,0,0,IMMEDIATE_QUERY
PUBLIC_38a413439a74f966c29aa42a,Trajectory-Distance,TASK_DIVERGENT,ACT,1,K1,1/2,1/2,0,NO_CLARIFICATION
PUBLIC_38a413439a74f966c29aa42a,Random-Query@matched-rate,TASK_DIVERGENT,ACT,2/3,K1,1/2,1/2,0,NO_CLARIFICATION
PUBLIC_38a413439a74f966c29aa42a,Random-Query@matched-rate,TASK_DIVERGENT,ASK,1/3,,1,0,0,IMMEDIATE_QUERY
PUBLIC_38a413439a74f966c29aa42a,DriveClarify,TASK_DIVERGENT,ASK,1,,1,0,0,IMMEDIATE_QUERY
PUBLIC_4d916f7198a4b9cf72ec8351,Never Clarify,TASK_DIVERGENT,ACT,1,K1,1/2,1/2,0,NO_CLARIFICATION
PUBLIC_4d916f7198a4b9cf72ec8351,Always Clarify,TASK_DIVERGENT,ASK,1,,1,0,0,IMMEDIATE_QUERY
PUBLIC_4d916f7198a4b9cf72ec8351,Ambiguity-Only,TASK_DIVERGENT,ASK,1,,1,0,0,IMMEDIATE_QUERY
PUBLIC_4d916f7198a4b9cf72ec8351,Trajectory-Distance,TASK_DIVERGENT,ACT,1,K1,1/2,1/2,0,NO_CLARIFICATION
PUBLIC_4d916f7198a4b9cf72ec8351,Random-Query@matched-rate,TASK_DIVERGENT,ACT,2/3,K1,1/2,1/2,0,NO_CLARIFICATION
PUBLIC_4d916f7198a4b9cf72ec8351,Random-Query@matched-rate,TASK_DIVERGENT,ASK,1/3,,1,0,0,IMMEDIATE_QUERY
PUBLIC_4d916f7198a4b9cf72ec8351,DriveClarify,TASK_DIVERGENT,ASK,1,,1,0,0,IMMEDIATE_QUERY
PUBLIC_55ff484b6bcd20aee1b8fa27,Never Clarify,TASK_EQUIVALENT,ACT,1,K1,1,0,1,NO_CLARIFICATION
PUBLIC_55ff484b6bcd20aee1b8fa27,Always Clarify,TASK_EQUIVALENT,ASK,1,,1,0,0,IMMEDIATE_QUERY
PUBLIC_55ff484b6bcd20aee1b8fa27,Ambiguity-Only,TASK_EQUIVALENT,ASK,1,,1,0,0,IMMEDIATE_QUERY
PUBLIC_55ff484b6bcd20aee1b8fa27,Trajectory-Distance,TASK_EQUIVALENT,ACT,1,K1,1,0,1,NO_CLARIFICATION
PUBLIC_55ff484b6bcd20aee1b8fa27,Random-Query@matched-rate,TASK_EQUIVALENT,ACT,2/3,K1,1,0,1,NO_CLARIFICATION
PUBLIC_55ff484b6bcd20aee1b8fa27,Random-Query@matched-rate,TASK_EQUIVALENT,ASK,1/3,,1,0,0,IMMEDIATE_QUERY
PUBLIC_55ff484b6bcd20aee1b8fa27,DriveClarify,TASK_EQUIVALENT,ACT,1,K1,1,0,1,NO_CLARIFICATION
PUBLIC_de1f560201d776a71c241413,Never Clarify,TASK_EQUIVALENT,ACT,1,K1,1,0,1,NO_CLARIFICATION
PUBLIC_de1f560201d776a71c241413,Always Clarify,TASK_EQUIVALENT,ASK,1,,1,0,0,IMMEDIATE_QUERY
PUBLIC_de1f560201d776a71c241413,Ambiguity-Only,TASK_EQUIVALENT,ASK,1,,1,0,0,IMMEDIATE_QUERY
PUBLIC_de1f560201d776a71c241413,Trajectory-Distance,TASK_EQUIVALENT,ACT,1,K1,1,0,1,NO_CLARIFICATION
PUBLIC_de1f560201d776a71c241413,Random-Query@matched-rate,TASK_EQUIVALENT,ACT,2/3,K1,1,0,1,NO_CLARIFICATION
PUBLIC_de1f560201d776a71c241413,Random-Query@matched-rate,TASK_EQUIVALENT,ASK,1/3,,1,0,0,IMMEDIATE_QUERY
PUBLIC_de1f560201d776a71c241413,DriveClarify,TASK_EQUIVALENT,ACT,1,K1,1,0,1,NO_CLARIFICATION
PUBLIC_6062a8b1bfa8a2f9d7209ebc,Never Clarify,TASK_EQUIVALENT,ACT,1,K1,1,0,1,NO_CLARIFICATION
PUBLIC_6062a8b1bfa8a2f9d7209ebc,Always Clarify,TASK_EQUIVALENT,ASK,1,,1,0,0,IMMEDIATE_QUERY
PUBLIC_6062a8b1bfa8a2f9d7209ebc,Ambiguity-Only,TASK_EQUIVALENT,ASK,1,,1,0,0,IMMEDIATE_QUERY
PUBLIC_6062a8b1bfa8a2f9d7209ebc,Trajectory-Distance,TASK_EQUIVALENT,ACT,1,K1,1,0,1,NO_CLARIFICATION
PUBLIC_6062a8b1bfa8a2f9d7209ebc,Random-Query@matched-rate,TASK_EQUIVALENT,ACT,2/3,K1,1,0,1,NO_CLARIFICATION
PUBLIC_6062a8b1bfa8a2f9d7209ebc,Random-Query@matched-rate,TASK_EQUIVALENT,ASK,1/3,,1,0,0,IMMEDIATE_QUERY
PUBLIC_6062a8b1bfa8a2f9d7209ebc,DriveClarify,TASK_EQUIVALENT,ACT,1,K1,1,0,1,NO_CLARIFICATION
PUBLIC_1890c897e1745e5f0e4d8010,Never Clarify,TASK_EQUIVALENT,ACT,1,K1,1,0,1,NO_CLARIFICATION
PUBLIC_1890c897e1745e5f0e4d8010,Always Clarify,TASK_EQUIVALENT,ASK,1,,1,0,0,IMMEDIATE_QUERY
PUBLIC_1890c897e1745e5f0e4d8010,Ambiguity-Only,TASK_EQUIVALENT,ASK,1,,1,0,0,IMMEDIATE_QUERY
PUBLIC_1890c897e1745e5f0e4d8010,Trajectory-Distance,TASK_EQUIVALENT,ACT,1,K1,1,0,1,NO_CLARIFICATION
PUBLIC_1890c897e1745e5f0e4d8010,Random-Query@matched-rate,TASK_EQUIVALENT,ACT,2/3,K1,1,0,1,NO_CLARIFICATION
PUBLIC_1890c897e1745e5f0e4d8010,Random-Query@matched-rate,TASK_EQUIVALENT,ASK,1/3,,1,0,0,IMMEDIATE_QUERY
PUBLIC_1890c897e1745e5f0e4d8010,DriveClarify,TASK_EQUIVALENT,ACT,1,K1,1,0,1,NO_CLARIFICATION
