split,policy,n_defined,n_all,correct_numerator,correct_denominator,correct,wrong_numerator,wrong_denominator,wrong,query_numerator,query_denominator,query,unnecessary_numerator,unnecessary_denominator,unnecessary,coverage_numerator,coverage_denominator,coverage,all_coverage,all_query
DEV,Never Clarify,48,64,40.0,48,0.8333333333333334,8.0,48,0.16666666666666666,0.0,48,0.0,0.0,32,0.0,48.0,48,1.0,1.0,0.0
DEV,Always Clarify,48,64,48.0,48,1.0,0.0,48,0.0,48.0,48,1.0,32.0,32,1.0,48.0,48,1.0,1.0,1.0
DEV,Ambiguity-Only,48,64,48.0,48,1.0,0.0,48,0.0,48.0,48,1.0,32.0,32,1.0,48.0,48,1.0,1.0,1.0
DEV,Trajectory-Distance,48,64,41.0,48,0.8541666666666666,7.0,48,0.14583333333333334,3.0,48,0.0625,1.0,32,0.03125,48.0,48,1.0,1.0,0.109375
DEV,Random-Query@matched-rate,48,64,42.666666666666664,48,0.8888888888888888,5.333333333333334,48,0.11111111111111112,16.0,48,0.3333333333333333,10.666666666666666,32,0.3333333333333333,48.0,48,1.0,1.0,0.3333333333333333
DEV,DriveClarify,48,64,48.0,48,1.0,0.0,48,0.0,16.0,48,0.3333333333333333,0.0,32,0.0,48.0,48,1.0,0.75,0.25
HIST,Never Clarify,84,112,70.0,84,0.8333333333333334,14.0,84,0.16666666666666666,0.0,84,0.0,0.0,56,0.0,84.0,84,1.0,1.0,0.0
HIST,Always Clarify,84,112,84.0,84,1.0,0.0,84,0.0,84.0,84,1.0,56.0,56,1.0,84.0,84,1.0,1.0,1.0
HIST,Ambiguity-Only,84,112,84.0,84,1.0,0.0,84,0.0,84.0,84,1.0,56.0,56,1.0,84.0,84,1.0,1.0,1.0
HIST,Trajectory-Distance,84,112,73.5,84,0.875,10.5,84,0.125,21.0,84,0.25,14.0,56,0.25,84.0,84,1.0,1.0,0.23214285714285715
HIST,Random-Query@matched-rate,84,112,74.66666666666667,84,0.888888888888889,9.333333333333334,84,0.11111111111111113,28.0,84,0.3333333333333333,18.666666666666664,56,0.3333333333333333,84.0,84,1.0,1.0,0.3333333333333333
HIST,DriveClarify,84,112,84.0,84,1.0,0.0,84,0.0,28.0,84,0.3333333333333333,0.0,56,0.0,84.0,84,1.0,0.75,0.25
ALL,Never Clarify,132,176,110.0,132,0.8333333333333334,22.0,132,0.16666666666666666,0.0,132,0.0,0.0,88,0.0,132.0,132,1.0,1.0,0.0
ALL,Always Clarify,132,176,132.0,132,1.0,0.0,132,0.0,132.0,132,1.0,88.0,88,1.0,132.0,132,1.0,1.0,1.0
ALL,Ambiguity-Only,132,176,132.0,132,1.0,0.0,132,0.0,132.0,132,1.0,88.0,88,1.0,132.0,132,1.0,1.0,1.0
ALL,Trajectory-Distance,132,176,114.5,132,0.8674242424242424,17.5,132,0.13257575757575757,24.0,132,0.18181818181818182,15.0,88,0.17045454545454544,132.0,132,1.0,1.0,0.1875
ALL,Random-Query@matched-rate,132,176,117.33333333333333,132,0.888888888888889,14.666666666666668,132,0.11111111111111112,44.0,132,0.33333333333333326,29.333333333333332,88,0.33333333333333337,132.0,132,1.0,1.0,0.33333333333333337
ALL,DriveClarify,132,176,132.0,132,1.0,0.0,132,0.0,44.0,132,0.3333333333333333,0.0,88,0.0,132.0,132,1.0,0.75,0.25
